ticker,rmse_valid,direction_acc_valid,pocid_valid,auprc_valid,f1_valid,mae_valid,y_next_pred,sigma60,z_of_pred,alert,alert_rule
sh600085,0.0242985039949417,0.5084745762711864,0.5084745762711864,0.5623466281590741,0.5587786259541985,0.0168586187064647,-0.0058608800172805,0.0389399459629545,-0.150510699674553,False,"( |ret|≥max(0.0337,0.012) AND |ret|≥1.0·σ60 ) AND acc≥0.55"
sz000419,0.0195443164557218,0.5949152542372881,0.5949152542372881,0.6200930851444402,0.6055045871559633,0.0126283867284655,0.0051137283444404,0.0413354478286886,0.1237128754115625,False,"( |ret|≥max(0.0253,0.012) AND |ret|≥1.0·σ60 ) AND acc≥0.55"
sz000919,0.022166222333908,0.5830508474576271,0.5830508474576271,0.5861167607776002,0.6401225114854517,0.0151179768145084,0.0048358105123043,0.0289219190874143,0.1672022117780745,False,"( |ret|≥max(0.0302,0.012) AND |ret|≥1.0·σ60 ) AND acc≥0.55"
sz000951,0.0301064569503068,0.5084745762711864,0.5084745762711864,0.6457197318651932,0.0769230769230769,0.0230567939579486,0.0007504853419959,0.0234779210157697,0.0319655655130712,False,"( |ret|≥max(0.0461,0.012) AND |ret|≥1.0·σ60 ) AND acc≥0.55"
sh600993,0.0274599008262157,0.5,0.5,0.5487935351650683,0.4753199268738574,0.0202465057373046,-0.0022212341427803,0.0282215506360999,-0.078706991842931,False,"( |ret|≥max(0.0405,0.012) AND |ret|≥1.0·σ60 ) AND acc≥0.55"
sh600761,0.0235047843307256,0.5440677966101695,0.5440677966101695,0.589443549302472,0.4754098360655737,0.0174728594720363,-0.0039685443043708,0.0235344901162921,-0.1686266665856901,False,"( |ret|≥max(0.0349,0.012) AND |ret|≥1.0·σ60 ) AND acc≥0.55"
sh600992,0.0274108964949846,0.5627118644067797,0.5627118644067797,0.6696973574649426,0.6558704453441295,0.0183100588619709,0.0057836323976516,0.0565721373474065,0.1022346272651574,False,"( |ret|≥max(0.0366,0.012) AND |ret|≥1.0·σ60 ) AND acc≥0.55"
sh600684,0.0262851100414991,0.5610169491525424,0.5610169491525424,0.6045702894353532,0.6449787835926449,0.0178844835609197,-0.0310999248176813,0.04030148131386,-0.7716817369233627,False,"( |ret|≥max(0.0358,0.012) AND |ret|≥1.0·σ60 ) AND acc≥0.55"
sh600033,0.0105449613183736,0.4457627118644068,0.4457627118644068,0.5441793010862945,0.5742024965325936,0.0071939839981496,0.0023687668144702,0.017351268073795,0.1365182901453091,False,"( |ret|≥max(0.0144,0.012) AND |ret|≥1.0·σ60 ) AND acc≥0.55"
sz000823,0.0254173707216978,0.5610169491525424,0.5610169491525424,0.5804237531718142,0.5019762845849802,0.0181686170399189,-0.003628447651863,0.0273255140164935,-0.1327860226824188,False,"( |ret|≥max(0.0363,0.012) AND |ret|≥1.0·σ60 ) AND acc≥0.55"
sh600276,0.0215851794928312,0.5322033898305085,0.5322033898305085,0.5525286613970852,0.2132564841498559,0.0170976687222719,0.0068607442080974,0.0186060993303916,0.3687361009370702,False,"( |ret|≥max(0.0342,0.012) AND |ret|≥1.0·σ60 ) AND acc≥0.55"
sh600111,0.037111897021532,0.5169491525423728,0.5169491525423728,0.5648329073054092,0.476894639556377,0.027848420664668,-0.0232374835759401,0.0308337797540014,-0.7536369600147674,False,"( |ret|≥max(0.0557,0.012) AND |ret|≥1.0·σ60 ) AND acc≥0.55"
sz000915,0.0264212246984243,0.5796610169491525,0.5796610169491525,0.6405398602095477,0.5768566493955095,0.01903429441154,-0.0054351463913917,0.0342391006717602,-0.1587408751207595,False,"( |ret|≥max(0.0381,0.012) AND |ret|≥1.0·σ60 ) AND acc≥0.55"
sz000548,0.0182782411575317,0.4864406779661017,0.4864406779661017,0.6086565335290977,0.6362545018007203,0.0122789312154054,-0.0014696959406137,0.0236118075632222,-0.0622440833569265,False,"( |ret|≥max(0.0246,0.012) AND |ret|≥1.0·σ60 ) AND acc≥0.55"
sh600261,0.0190155562013387,0.4694915254237288,0.4694915254237288,0.4964439119763429,0.4592030360531309,0.0133861182257533,0.000238113105297,0.0168304905308085,0.0141477138401925,False,"( |ret|≥max(0.0268,0.012) AND |ret|≥1.0·σ60 ) AND acc≥0.55"
sz002028,0.032281320542097,0.4966101694915254,0.4966101694915254,0.5814001774162968,0.1944444444444444,0.0261074732989072,-0.0053410828113555,0.0276931533803756,-0.1928664753099483,False,"( |ret|≥max(0.0522,0.012) AND |ret|≥1.0·σ60 ) AND acc≥0.55"
sh600028,0.0131173329427838,0.4745762711864407,0.4745762711864407,0.5293975323370342,0.6091370558375635,0.0095251938328146,-0.000490128993988,0.0135713933444337,-0.036114835109448,False,"( |ret|≥max(0.0191,0.012) AND |ret|≥1.0·σ60 ) AND acc≥0.55"
sz000702,0.0224003065377473,0.5915254237288136,0.5915254237288136,0.6447181754229568,0.6355140186915887,0.015833368524909,0.0013936609029769,0.03028096456872,0.046024308095309,False,"( |ret|≥max(0.0317,0.012) AND |ret|≥1.0·σ60 ) AND acc≥0.55"
sz000573,0.0267096105962991,0.5203389830508475,0.5203389830508475,0.5622421537327088,0.5988023952095808,0.0175963584333658,-0.0264796260744333,0.0430877123149678,-0.6145515393194689,False,"( |ret|≥max(0.0352,0.012) AND |ret|≥1.0·σ60 ) AND acc≥0.55"
sh600456,0.0332615375518798,0.4915254237288136,0.4915254237288136,0.5566419176509041,0.0066889632107023,0.031039660796523,0.0252020359039306,0.0325329520138639,0.7746615845550975,False,"( |ret|≥max(0.0621,0.012) AND |ret|≥1.0·σ60 ) AND acc≥0.55"
sh600742,0.0248385202139616,0.6203389830508474,0.6203389830508474,0.65837662825647,0.5973534971644613,0.0169118456542491,-0.0041403323411941,0.022472508078419,-0.1842398046692516,False,"( |ret|≥max(0.0338,0.012) AND |ret|≥1.0·σ60 ) AND acc≥0.55"
sh600125,0.0187733564525842,0.4677966101694915,0.4677966101694915,0.5040017212254405,0.6061381074168798,0.0130089167505502,0.0023561716079711,0.0301766471143472,0.0780792782660796,False,"( |ret|≥max(0.0260,0.012) AND |ret|≥1.0·σ60 ) AND acc≥0.55"
sh600624,0.0187156666070222,0.5474576271186441,0.5474576271186441,0.5740734720181921,0.532347504621072,0.0137972300872206,0.0065950518473982,0.0151095132293929,0.4364831204315398,False,"( |ret|≥max(0.0276,0.012) AND |ret|≥1.0·σ60 ) AND acc≥0.55"
sh600031,0.0268030818551778,0.4898305084745762,0.4898305084745762,0.5600325774519537,0.0569620253164556,0.0219211243093013,-0.0017449893057346,0.0226702621614346,-0.0769725785958191,False,"( |ret|≥max(0.0438,0.012) AND |ret|≥1.0·σ60 ) AND acc≥0.55"
sh600668,0.0282965935766696,0.4966101694915254,0.4966101694915254,0.5141652277127717,0.5612998522895125,0.0182668715715408,-0.0148193761706352,0.061927313010809,-0.2393027092104175,False,"( |ret|≥max(0.0365,0.012) AND |ret|≥1.0·σ60 ) AND acc≥0.55"
sz002038,0.020793342962861,0.4813559322033898,0.4813559322033898,0.5251827577623833,0.6498855835240275,0.0176231414079666,0.0023933639749884,0.022205182953527,0.1077839755771319,False,"( |ret|≥max(0.0352,0.012) AND |ret|≥1.0·σ60 ) AND acc≥0.55"
sh600527,0.0288431048393249,0.4864406779661017,0.4864406779661017,0.4824042522032438,0.5207956600361664,0.0189671646803617,-0.0019817128777503,0.0167130637965677,-0.1185726157780364,False,"( |ret|≥max(0.0379,0.012) AND |ret|≥1.0·σ60 ) AND acc≥0.55"
sh600583,0.0217246729880571,0.4762711864406779,0.4762711864406779,0.5512186252722198,0.5989583333333334,0.0151723539456725,0.0010819770395755,0.02017642728147,0.0536257727011726,False,"( |ret|≥max(0.0303,0.012) AND |ret|≥1.0·σ60 ) AND acc≥0.55"
sh600642,0.0181669406592845,0.5067796610169492,0.5067796610169492,0.5220022399093898,0.5,0.0116508258506655,0.0014772154390811,0.0227321417329486,0.0649835288992934,False,"( |ret|≥max(0.0233,0.012) AND |ret|≥1.0·σ60 ) AND acc≥0.55"
sh600004,0.0242562722414731,0.5779661016949152,0.5779661016949152,0.5496153334421666,0.5407407407407407,0.0179916583001613,-0.0006374940276145,0.0343324249729957,-0.0185682730664462,False,"( |ret|≥max(0.0360,0.012) AND |ret|≥1.0·σ60 ) AND acc≥0.55"
sh600016,0.0086098117753863,0.5847457627118644,0.5847457627118644,0.5841345386621599,0.6003824091778203,0.0055599566549062,-0.0033089518547058,0.0099829507418286,-0.3314599686685421,False,"( |ret|≥max(0.0111,0.012) AND |ret|≥1.0·σ60 ) AND acc≥0.55"
sz000581,0.0193533152341842,0.6491525423728813,0.6491525423728813,0.7198293732855262,0.6946107784431138,0.0136132128536701,0.0026189498603343,0.0182787161050006,0.1432785767066067,False,"( |ret|≥max(0.0272,0.012) AND |ret|≥1.0·σ60 ) AND acc≥0.55"
sz000550,0.0293247960507869,0.6322033898305085,0.6322033898305085,0.6557619401849792,0.6335616438356164,0.0207897387444973,-0.0068606510758399,0.027620077141962,-0.2483935347697326,False,"( |ret|≥max(0.0416,0.012) AND |ret|≥1.0·σ60 ) AND acc≥0.55"
sh600059,0.0290078427642583,0.523728813559322,0.523728813559322,0.5641688785534282,0.4827586206896552,0.0200684983283281,-0.0028572008013725,0.0228545914941911,-0.1250164349660059,False,"( |ret|≥max(0.0401,0.012) AND |ret|≥1.0·σ60 ) AND acc≥0.55"
sh600836,0.0262267496436834,0.5782312925170068,0.5782312925170068,0.6475064831341005,0.6579710144927536,0.0184632390737533,0.0032512098550796,0.0264258079755018,0.1230315692817414,False,"( |ret|≥max(0.0369,0.012) AND |ret|≥1.0·σ60 ) AND acc≥0.55"
sh600969,0.019429849460721,0.5338983050847458,0.5338983050847458,0.5195604186885556,0.6521181001283697,0.0135911684483289,-0.001107282936573,0.0232753997340172,-0.0475730803120824,False,"( |ret|≥max(0.0272,0.012) AND |ret|≥1.0·σ60 ) AND acc≥0.55"
sz000983,0.0324933305382728,0.487091222030981,0.487091222030981,0.4972242355568923,0.507563025210084,0.0229078195989131,-0.01498344540596,0.0397463158629052,-0.3769768671862055,False,"( |ret|≥max(0.0458,0.012) AND |ret|≥1.0·σ60 ) AND acc≥0.55"
sh600192,0.0265831276774406,0.4830508474576271,0.4830508474576271,0.5107716934340929,0.3897216274089936,0.0180937815457582,0.0041533410549163,0.0438201960174717,0.0947814132425662,False,"( |ret|≥max(0.0362,0.012) AND |ret|≥1.0·σ60 ) AND acc≥0.55"
sh600660,0.0266377497464418,0.5542372881355933,0.5542372881355933,0.5819814052584746,0.4292035398230088,0.01964015327394,0.0013001635670661,0.0238229402849415,0.0545760937043983,False,"( |ret|≥max(0.0393,0.012) AND |ret|≥1.0·σ60 ) AND acc≥0.55"
sz000729,0.021342858672142,0.5779661016949152,0.5779661016949152,0.6121530833545759,0.6003316749585407,0.0152295529842376,0.0003760010004043,0.0255814241057681,0.0146981986564848,False,"( |ret|≥max(0.0305,0.012) AND |ret|≥1.0·σ60 ) AND acc≥0.55"
sh600486,0.0265878941863775,0.4786324786324786,0.4786324786324786,0.6023367657671533,0.0065359477124183,0.0221879631280899,0.0035952702164649,0.025816435009435,0.1392627921912195,False,"( |ret|≥max(0.0444,0.012) AND |ret|≥1.0·σ60 ) AND acc≥0.55"
sh600611,0.012563900090754,0.4915254237288136,0.4915254237288136,0.507654242009425,0.6028985507246377,0.0088067464530467,0.0015709623694419,0.0134370752822407,0.1169124357287708,False,"( |ret|≥max(0.0176,0.012) AND |ret|≥1.0·σ60 ) AND acc≥0.55"
sh600426,0.0287224762141704,0.523728813559322,0.523728813559322,0.6081232023672116,0.2659574468085106,0.0223042555153369,-0.0004247203469276,0.0247655449299723,-0.0171496398174235,False,"( |ret|≥max(0.0446,0.012) AND |ret|≥1.0·σ60 ) AND acc≥0.55"
sh600439,0.0227198544889688,0.5898305084745763,0.5898305084745763,0.6047669869087917,0.6329113924050633,0.0161415357142686,0.0037656482309103,0.0193288610532307,0.1948198744013498,False,"( |ret|≥max(0.0323,0.012) AND |ret|≥1.0·σ60 ) AND acc≥0.55"
sh600824,0.0228149686008691,0.4982758620689655,0.4982758620689655,0.500670344501127,0.5847076461769115,0.0139337079599499,0.0055562183260917,0.0392220363530772,0.141660592516633,False,"( |ret|≥max(0.0279,0.012) AND |ret|≥1.0·σ60 ) AND acc≥0.55"
sh600329,0.0252600107342004,0.5008488964346349,0.5008488964346349,0.5639408267232564,0.5565749235474006,0.0192235261201858,-0.0069719087332487,0.0292857076105144,-0.2380651492297935,False,"( |ret|≥max(0.0384,0.012) AND |ret|≥1.0·σ60 ) AND acc≥0.55"
sz000830,0.0287824813276529,0.5745762711864407,0.5745762711864407,0.5998467797976124,0.6184615384615385,0.0212970506399869,-0.0370916910469532,0.0233022539305189,-1.5917634079482863,False,"( |ret|≥max(0.0426,0.012) AND |ret|≥1.0·σ60 ) AND acc≥0.55"
sh600467,0.0242312587797641,0.6152542372881356,0.6152542372881356,0.6007824293865976,0.6290018832391714,0.0166514087468385,0.0109852254390716,0.0301884045011475,0.3638887838463353,False,"( |ret|≥max(0.0333,0.012) AND |ret|≥1.0·σ60 ) AND acc≥0.55"
sz000559,0.0229981243610382,0.5033898305084745,0.5033898305084745,0.4870762426642779,0.581021897810219,0.0167063176631927,0.0026670172810554,0.0182349137811553,0.1462587567166936,False,"( |ret|≥max(0.0334,0.012) AND |ret|≥1.0·σ60 ) AND acc≥0.55"
sz000589,0.0214196648448705,0.5322033898305085,0.5322033898305085,0.5508190208769199,0.4879032258064516,0.015188698656857,-0.0018758475780487,0.0229961304191751,-0.0815722788196469,False,"( |ret|≥max(0.0304,0.012) AND |ret|≥1.0·σ60 ) AND acc≥0.55"
sh600588,0.0307129193097352,0.5016949152542373,0.5016949152542373,0.583717239786661,0.0068027210884353,0.0268136225640773,-0.0025335699319839,0.0313163567441692,-0.0809024224515339,False,"( |ret|≥max(0.0536,0.012) AND |ret|≥1.0·σ60 ) AND acc≥0.55"
sh600249,0.024211399257183,0.6372881355932203,0.6372881355932203,0.6234038430861436,0.6576271186440678,0.0166333932429552,-0.0004233084619045,0.0321061027330571,-0.0131846687708374,False,"( |ret|≥max(0.0333,0.012) AND |ret|≥1.0·σ60 ) AND acc≥0.55"
sz000417,0.0205340329557657,0.5711864406779661,0.5711864406779661,0.6079095040691207,0.6544428772919605,0.0139723699539899,0.0036264210939407,0.0189095247612491,0.1917773831946558,False,"( |ret|≥max(0.0279,0.012) AND |ret|≥1.0·σ60 ) AND acc≥0.55"
sz000402,0.01744812913239,0.4525423728813559,0.4525423728813559,0.5483970441675298,0.6231038506417736,0.0129671553149819,-0.0002706926316022,0.0184931356836601,-0.0146374573711091,False,"( |ret|≥max(0.0259,0.012) AND |ret|≥1.0·σ60 ) AND acc≥0.55"
sh600060,0.0247062835842371,0.6101694915254238,0.6101694915254238,0.6582929467039792,0.6843575418994413,0.0183853507041931,-5.0888629630208015e-06,0.0243426437159988,-0.0002090512818524,False,"( |ret|≥max(0.0368,0.012) AND |ret|≥1.0·σ60 ) AND acc≥0.55"
sh600235,0.026251446455717,0.4864406779661017,0.4864406779661017,0.4804432719054592,0.5956873315363881,0.0184976123273372,0.0006020013242959,0.031776111860546,0.0189450848325029,False,"( |ret|≥max(0.0370,0.012) AND |ret|≥1.0·σ60 ) AND acc≥0.55"
sz000898,0.0248049311339855,0.5728813559322034,0.5728813559322034,0.5850460691071031,0.6070826306913997,0.0173825304955244,-0.0005886266008019,0.024748486061927,-0.023784338221161,False,"( |ret|≥max(0.0348,0.012) AND |ret|≥1.0·σ60 ) AND acc≥0.55"
sz002001,0.0236034095287323,0.5169491525423728,0.5169491525423728,0.6526568316120023,0.1210191082802547,0.0191689357161521,-0.0067498567514121,0.0261027709202322,-0.2585876490339904,False,"( |ret|≥max(0.0383,0.012) AND |ret|≥1.0·σ60 ) AND acc≥0.55"
sh600436,0.027024071663618,0.5220338983050847,0.5220338983050847,0.6248726871716865,0.3842794759825327,0.0231325346976518,-0.0023685358464717,0.0248755002511872,-0.0952155683463314,False,"( |ret|≥max(0.0463,0.012) AND |ret|≥1.0·σ60 ) AND acc≥0.55"
sh600479,0.0195614881813526,0.6203389830508474,0.6203389830508474,0.6909185281383852,0.6756756756756757,0.0124403210356831,-0.0136437639594078,0.0429651030121852,-0.3175544762453742,False,"( |ret|≥max(0.0249,0.012) AND |ret|≥1.0·σ60 ) AND acc≥0.55"
sh600138,0.0208490714430809,0.5271186440677966,0.5271186440677966,0.5565573587645076,0.633112582781457,0.0152892125770449,-0.0005029961466789,0.0280190981123366,-0.0179518971361353,False,"( |ret|≥max(0.0306,0.012) AND |ret|≥1.0·σ60 ) AND acc≥0.55"
sh600054,0.0183445774018764,0.6084745762711864,0.6084745762711864,0.6550961465332803,0.6341463414634146,0.0126857757568359,-0.0058932080864906,0.0318635640972016,-0.1849512571475208,False,"( |ret|≥max(0.0254,0.012) AND |ret|≥1.0·σ60 ) AND acc≥0.55"
sz000089,0.0170597620308399,0.5796610169491525,0.5796610169491525,0.6176370468503238,0.6086956521739131,0.01236985437572,0.0010515954345464,0.0194282102187296,0.0541272140580683,False,"( |ret|≥max(0.0247,0.012) AND |ret|≥1.0·σ60 ) AND acc≥0.55"
sz000822,0.0310908239334821,0.5847457627118644,0.5847457627118644,0.6142971436929772,0.5822784810126582,0.0222412552684545,0.0044937841594219,0.0285800020690507,0.1572352085983979,False,"( |ret|≥max(0.0445,0.012) AND |ret|≥1.0·σ60 ) AND acc≥0.55"
sh600638,0.025713738054037,0.4525423728813559,0.4525423728813559,0.561699491843788,0.6229508196721312,0.0171895362436771,0.0018582418560981,0.0228615385718364,0.0812824140175428,False,"( |ret|≥max(0.0344,0.012) AND |ret|≥1.0·σ60 ) AND acc≥0.55"
sh600262,0.0232402496039867,0.5271186440677966,0.5271186440677966,0.5259503686358873,0.6071942446043166,0.0157046616077423,-2.824887633323669e-05,0.0407746682105782,-0.0006928043965754,False,"( |ret|≥max(0.0314,0.012) AND |ret|≥1.0·σ60 ) AND acc≥0.55"
sz002023,0.0282583571970462,0.688135593220339,0.688135593220339,0.6913696743286735,0.6950596252129472,0.0197271145880222,0.0005122050642967,0.0191436148656009,0.026755907927192,False,"( |ret|≥max(0.0395,0.012) AND |ret|≥1.0·σ60 ) AND acc≥0.55"
sh600011,0.027056923136115,0.5542372881355933,0.5542372881355933,0.5738578408113889,0.6092307692307692,0.0188749209046363,-0.022911824285984,0.0420831655175083,-0.5444414306722595,False,"( |ret|≥max(0.0377,0.012) AND |ret|≥1.0·σ60 ) AND acc≥0.55"
sh600067,0.0234025046229362,0.5084745762711864,0.5084745762711864,0.5345000028165781,0.5714285714285714,0.0154184019193053,-0.0188056416809558,0.0373774020210543,-0.503128511689436,False,"( |ret|≥max(0.0308,0.012) AND |ret|≥1.0·σ60 ) AND acc≥0.55"
sh600064,0.0156900603324174,0.5254237288135594,0.5254237288135594,0.556196101173694,0.3844282238442822,0.0107596199959516,-0.000705424696207,0.0179824964527647,-0.0392283855456973,False,"( |ret|≥max(0.0215,0.012) AND |ret|≥1.0·σ60 ) AND acc≥0.55"
sh600831,0.0270304773002862,0.4796610169491525,0.4796610169491525,0.4835252683641458,0.5148514851485149,0.0194872356951236,0.0021222829818725,0.0388480106680837,0.0546304018937098,False,"( |ret|≥max(0.0390,0.012) AND |ret|≥1.0·σ60 ) AND acc≥0.55"
sh600114,0.0329518727958202,0.5389830508474577,0.5389830508474577,0.5473390271734007,0.407158836689038,0.0243378560990095,0.0020681284368038,0.0372719679304152,0.0554874882321754,False,"( |ret|≥max(0.0487,0.012) AND |ret|≥1.0·σ60 ) AND acc≥0.55"
sh600320,0.0194339230656623,0.5084745762711864,0.5084745762711864,0.5423129078814419,0.5991316931982634,0.0127866622060537,0.0020069684833288,0.0180816674248024,0.1109945961416103,False,"( |ret|≥max(0.0256,0.012) AND |ret|≥1.0·σ60 ) AND acc≥0.55"
sh600594,0.0228833649307489,0.4898305084745762,0.4898305084745762,0.4923712652434638,0.2301369863013698,0.0169992092996835,0.0033006072044372,0.0350403324748985,0.0941944904448828,False,"( |ret|≥max(0.0340,0.012) AND |ret|≥1.0·σ60 ) AND acc≥0.55"
sh600755,0.01601193100214,0.6383701188455009,0.6383701188455009,0.6601572327405143,0.68125,0.0113586978986859,-0.0006874799728393,0.0196270900076362,-0.0350270785073637,False,"( |ret|≥max(0.0227,0.012) AND |ret|≥1.0·σ60 ) AND acc≥0.55"
sh600305,0.0269543025642633,0.4830508474576271,0.4830508474576271,0.5330117206109988,0.0067114093959731,0.0229347962886095,0.0077116265892982,0.0202495877065076,0.380828631811286,False,"( |ret|≥max(0.0459,0.012) AND |ret|≥1.0·σ60 ) AND acc≥0.55"
