ticker,rmse_valid,mae_valid,direction_acc_valid,pocid_valid,auprc_valid,f1_valid,y_next_pred,pred_next_close,last_close,sigma60,z_of_pred,alert,alert_rule
sh600085,0.02429850399494171,0.016858618706464767,0.5084745762711864,0.5084745762711864,0.5623466281590741,0.5587786259541985,-0.005860880017280579,43.186146631499156,43.439998626708984,0.038939945962954574,-0.15051069967455308,False,"( |ret|≥max(0.0337,0.012) AND |ret|≥1.0·σ60 ) AND acc≥0.55"
sz000419,0.019544316455721855,0.012628386728465557,0.5949152542372881,0.5949152542372881,0.6200930851444402,0.6055045871559633,0.00511372834444046,5.106044198222806,5.079999923706055,0.04133544782868869,0.1237128754115625,False,"( |ret|≥max(0.0253,0.012) AND |ret|≥1.0·σ60 ) AND acc≥0.55"
sz000919,0.02216622233390808,0.015117976814508438,0.5830508474576271,0.5830508474576271,0.5861167607776002,0.6401225114854517,0.004835810512304306,8.038780175315122,8.0,0.02892191908741433,0.16720221177807457,False,"( |ret|≥max(0.0302,0.012) AND |ret|≥1.0·σ60 ) AND acc≥0.55"
sz000951,0.030106456950306892,0.023056793957948685,0.5084745762711864,0.5084745762711864,0.6457197318651932,0.07692307692307693,0.0007504853419959545,12.279212369523513,12.270000457763672,0.023477921015769756,0.031965565513071205,False,"( |ret|≥max(0.0461,0.012) AND |ret|≥1.0·σ60 ) AND acc≥0.55"
sh600993,0.027459900826215744,0.020246505737304688,0.5,0.5,0.5487935351650683,0.4753199268738574,-0.002221234142780304,22.629678622949097,22.68000030517578,0.028221550636099962,-0.07870699184293105,False,"( |ret|≥max(0.0405,0.012) AND |ret|≥1.0·σ60 ) AND acc≥0.55"
sh600761,0.02350478433072567,0.01747285947203636,0.5440677966101695,0.5440677966101695,0.589443549302472,0.47540983606557374,-0.00396854430437088,10.299046720379337,10.34000015258789,0.023534490116292144,-0.1686266665856901,False,"( |ret|≥max(0.0349,0.012) AND |ret|≥1.0·σ60 ) AND acc≥0.55"
sh600992,0.027410896494984627,0.0183100588619709,0.5627118644067797,0.5627118644067797,0.6696973574649426,0.6558704453441295,0.005783632397651672,14.78526553954655,14.699999809265137,0.056572137347406536,0.10223462726515743,False,"( |ret|≥max(0.0366,0.012) AND |ret|≥1.0·σ60 ) AND acc≥0.55"
sh600684,0.026285110041499138,0.01788448356091976,0.5610169491525424,0.5610169491525424,0.6045702894353532,0.6449787835926449,-0.031099924817681313,4.4591419424847665,4.599999904632568,0.040301481313860014,-0.7716817369233627,False,"( |ret|≥max(0.0358,0.012) AND |ret|≥1.0·σ60 ) AND acc≥0.55"
sh600033,0.01054496131837368,0.007193983998149633,0.4457627118644068,0.4457627118644068,0.5441793010862945,0.5742024965325936,0.002368766814470291,2.8768063042723147,2.869999885559082,0.017351268073795032,0.13651829014530914,False,"( |ret|≥max(0.0144,0.012) AND |ret|≥1.0·σ60 ) AND acc≥0.55"
sz000823,0.025417370721697807,0.0181686170399189,0.5610169491525424,0.5610169491525424,0.5804237531718142,0.5019762845849802,-0.003628447651863098,10.990050477061699,11.029999732971191,0.027325514016493583,-0.13278602268241885,False,"( |ret|≥max(0.0363,0.012) AND |ret|≥1.0·σ60 ) AND acc≥0.55"
sh600276,0.02158517949283123,0.01709766872227192,0.5322033898305085,0.5322033898305085,0.5525286613970852,0.2132564841498559,0.006860744208097458,36.14714909210335,35.900001525878906,0.018606099330391646,0.3687361009370702,False,"( |ret|≥max(0.0342,0.012) AND |ret|≥1.0·σ60 ) AND acc≥0.55"
sh600111,0.03711189702153206,0.027848420664668083,0.5169491525423728,0.5169491525423728,0.5648329073054092,0.47689463955637706,-0.023237483575940132,38.57316083202468,39.47999954223633,0.030833779754001443,-0.7536369600147674,False,"( |ret|≥max(0.0557,0.012) AND |ret|≥1.0·σ60 ) AND acc≥0.55"
sz000915,0.02642122469842434,0.01903429441154003,0.5796610169491525,0.5796610169491525,0.6405398602095477,0.5768566493955095,-0.005435146391391754,33.81570630797222,34.0,0.03423910067176021,-0.15874087512075957,False,"( |ret|≥max(0.0381,0.012) AND |ret|≥1.0·σ60 ) AND acc≥0.55"
sz000548,0.01827824115753174,0.012278931215405464,0.4864406779661017,0.4864406779661017,0.6086565335290977,0.6362545018007203,-0.0014696959406137466,4.723053463159249,4.730000019073486,0.02361180756322221,-0.06224408335692659,False,"( |ret|≥max(0.0246,0.012) AND |ret|≥1.0·σ60 ) AND acc≥0.55"
sh600261,0.019015556201338768,0.013386118225753307,0.4694915254237288,0.4694915254237288,0.49644391197634297,0.45920303605313095,0.00023811310529708862,3.8109072617150757,3.809999942779541,0.016830490530808595,0.014147713840192536,False,"( |ret|≥max(0.0268,0.012) AND |ret|≥1.0·σ60 ) AND acc≥0.55"
sz002028,0.03228132054209709,0.02610747329890728,0.4966101694915254,0.4966101694915254,0.5814001774162968,0.19444444444444445,-0.005341082811355591,36.24588841720076,36.439998626708984,0.027693153380375667,-0.19286647530994838,False,"( |ret|≥max(0.0522,0.012) AND |ret|≥1.0·σ60 ) AND acc≥0.55"
sh600028,0.013117332942783833,0.009525193832814693,0.4745762711864407,0.4745762711864407,0.5293975323370342,0.6091370558375635,-0.0004901289939880371,4.28789782368903,4.289999961853027,0.013571393344433767,-0.03611483510944804,False,"( |ret|≥max(0.0191,0.012) AND |ret|≥1.0·σ60 ) AND acc≥0.55"
sz000702,0.022400306537747383,0.01583336852490902,0.5915254237288136,0.5915254237288136,0.6447181754229568,0.6355140186915887,0.0013936609029769897,5.577768274923774,5.570000171661377,0.03028096456872007,0.04602430809530902,False,"( |ret|≥max(0.0317,0.012) AND |ret|≥1.0·σ60 ) AND acc≥0.55"
sz000573,0.02670961059629917,0.017596358433365822,0.5203389830508475,0.5203389830508475,0.5622421537327088,0.5988023952095808,-0.026479626074433327,4.362928144025621,4.480000019073486,0.04308771231496785,-0.6145515393194689,False,"( |ret|≥max(0.0352,0.012) AND |ret|≥1.0·σ60 ) AND acc≥0.55"
sh600456,0.03326153755187988,0.031039660796523094,0.4915254237288136,0.4915254237288136,0.5566419176509041,0.006688963210702341,0.025202035903930664,50.60952354137701,49.349998474121094,0.032532952013863976,0.7746615845550975,False,"( |ret|≥max(0.0621,0.012) AND |ret|≥1.0·σ60 ) AND acc≥0.55"
sh600742,0.0248385202139616,0.01691184565424919,0.6203389830508474,0.6203389830508474,0.65837662825647,0.5973534971644613,-0.004140332341194153,9.75950881472138,9.800000190734863,0.022472508078419055,-0.18423980466925163,False,"( |ret|≥max(0.0338,0.012) AND |ret|≥1.0·σ60 ) AND acc≥0.55"
sh600125,0.018773356452584267,0.01300891675055027,0.46779661016949153,0.46779661016949153,0.5040017212254405,0.6061381074168798,0.0023561716079711914,5.021818566725594,5.010000228881836,0.03017664711434726,0.07807927826607963,False,"( |ret|≥max(0.0260,0.012) AND |ret|≥1.0·σ60 ) AND acc≥0.55"
sh600624,0.018715666607022285,0.013797230087220669,0.5474576271186441,0.5474576271186441,0.5740734720181921,0.532347504621072,0.006595051847398281,6.653737493656615,6.610000133514404,0.015109513229392973,0.4364831204315398,False,"( |ret|≥max(0.0276,0.012) AND |ret|≥1.0·σ60 ) AND acc≥0.55"
sh600031,0.02680308185517788,0.021921124309301376,0.48983050847457626,0.48983050847457626,0.5600325774519537,0.056962025316455694,-0.0017449893057346344,17.20994238841941,17.239999771118164,0.0226702621614346,-0.0769725785958191,False,"( |ret|≥max(0.0438,0.012) AND |ret|≥1.0·σ60 ) AND acc≥0.55"
sh600668,0.028296593576669693,0.018266871571540833,0.4966101694915254,0.4966101694915254,0.5141652277127717,0.5612998522895125,-0.014819376170635223,20.789617062549993,21.100000381469727,0.061927313010809,-0.23930270921041752,False,"( |ret|≥max(0.0365,0.012) AND |ret|≥1.0·σ60 ) AND acc≥0.55"
sz002038,0.02079334296286106,0.017623141407966614,0.48135593220338985,0.48135593220338985,0.5251827577623833,0.6498855835240275,0.0023933639749884605,10.595327848964912,10.569999694824219,0.022205182953527035,0.10778397557713194,False,"( |ret|≥max(0.0352,0.012) AND |ret|≥1.0·σ60 ) AND acc≥0.55"
sh600527,0.02884310483932495,0.018967164680361748,0.4864406779661017,0.4864406779661017,0.4824042522032438,0.5207956600361664,-0.0019817128777503967,2.305426719050169,2.309999942779541,0.01671306379656775,-0.11857261577803645,False,"( |ret|≥max(0.0379,0.012) AND |ret|≥1.0·σ60 ) AND acc≥0.55"
sh600583,0.021724672988057137,0.015172353945672512,0.47627118644067795,0.47627118644067795,0.5512186252722198,0.5989583333333334,0.0010819770395755768,4.284633577911679,4.28000020980835,0.02017642728147002,0.05362577270117263,False,"( |ret|≥max(0.0303,0.012) AND |ret|≥1.0·σ60 ) AND acc≥0.55"
sh600642,0.01816694065928459,0.01165082585066557,0.5067796610169492,0.5067796610169492,0.5220022399093898,0.5,0.001477215439081192,5.94878120123706,5.940000057220459,0.02273214173294866,0.0649835288992934,False,"( |ret|≥max(0.0233,0.012) AND |ret|≥1.0·σ60 ) AND acc≥0.55"
sh600004,0.024256272241473198,0.01799165830016136,0.5779661016949152,0.5779661016949152,0.5496153334421666,0.5407407407407407,-0.0006374940276145935,12.192224860754761,12.199999809265137,0.034332424972995726,-0.01856827306644624,False,"( |ret|≥max(0.0360,0.012) AND |ret|≥1.0·σ60 ) AND acc≥0.55"
sh600016,0.008609811775386333,0.005559956654906273,0.5847457627118644,0.5847457627118644,0.5841345386621599,0.6003824091778203,-0.0033089518547058105,3.8572154055394297,3.869999885559082,0.00998295074182865,-0.33145996866854216,False,"( |ret|≥max(0.0111,0.012) AND |ret|≥1.0·σ60 ) AND acc≥0.55"
sz000581,0.019353315234184265,0.01361321285367012,0.6491525423728813,0.6491525423728813,0.7198293732855262,0.6946107784431138,0.0026189498603343964,19.79176559722522,19.739999771118164,0.01827871610500069,0.14327857670660674,False,"( |ret|≥max(0.0272,0.012) AND |ret|≥1.0·σ60 ) AND acc≥0.55"
sz000550,0.029324796050786972,0.0207897387444973,0.6322033898305085,0.6322033898305085,0.6557619401849792,0.6335616438356164,-0.006860651075839996,14.251886981652813,14.350000381469727,0.027620077141962046,-0.24839353476973267,False,"( |ret|≥max(0.0416,0.012) AND |ret|≥1.0·σ60 ) AND acc≥0.55"
sh600059,0.029007842764258385,0.020068498328328133,0.523728813559322,0.523728813559322,0.5641688785534282,0.4827586206896552,-0.002857200801372528,9.492838726564871,9.520000457763672,0.022854591494191123,-0.12501643496600598,False,"( |ret|≥max(0.0401,0.012) AND |ret|≥1.0·σ60 ) AND acc≥0.55"
sh600836,0.026226749643683434,0.018463239073753357,0.5782312925170068,0.5782312925170068,0.6475064831341005,0.6579710144927536,0.003251209855079651,6.571330271401098,6.550000190734863,0.026425807975501897,0.12303156928174147,False,"( |ret|≥max(0.0369,0.012) AND |ret|≥1.0·σ60 ) AND acc≥0.55"
sh600969,0.019429849460721016,0.013591168448328972,0.5338983050847458,0.5338983050847458,0.5195604186885556,0.6521181001283697,-0.0011072829365730286,8.011124962854351,8.020000457763672,0.023275399734017266,-0.047573080312082426,False,"( |ret|≥max(0.0272,0.012) AND |ret|≥1.0·σ60 ) AND acc≥0.55"
sz000983,0.03249333053827286,0.022907819598913193,0.48709122203098104,0.48709122203098104,0.4972242355568923,0.507563025210084,-0.014983445405960083,12.481574975625273,12.670000076293945,0.039746315862905265,-0.3769768671862055,False,"( |ret|≥max(0.0458,0.012) AND |ret|≥1.0·σ60 ) AND acc≥0.55"
sh600192,0.026583127677440643,0.018093781545758247,0.4830508474576271,0.4830508474576271,0.5107716934340929,0.3897216274089936,0.004153341054916382,5.874347476292101,5.849999904632568,0.04382019601747177,0.09478141324256628,False,"( |ret|≥max(0.0362,0.012) AND |ret|≥1.0·σ60 ) AND acc≥0.55"
sh600660,0.02663774974644184,0.019640153273940086,0.5542372881355933,0.5542372881355933,0.5819814052584746,0.42920353982300885,0.0013001635670661926,35.19573199935093,35.150001525878906,0.023822940284941526,0.054576093704398365,False,"( |ret|≥max(0.0393,0.012) AND |ret|≥1.0·σ60 ) AND acc≥0.55"
sz000729,0.02134285867214203,0.015229552984237671,0.5779661016949152,0.5779661016949152,0.6121530833545759,0.6003316749585407,0.0003760010004043579,7.092666500981548,7.090000152587891,0.02558142410576816,0.014698198656484873,False,"( |ret|≥max(0.0305,0.012) AND |ret|≥1.0·σ60 ) AND acc≥0.55"
sh600486,0.026587894186377525,0.022187963128089905,0.47863247863247865,0.47863247863247865,0.6023367657671533,0.006535947712418301,0.0035952702164649963,117.68234228804852,117.26000213623047,0.025816435009435028,0.1392627921912195,False,"( |ret|≥max(0.0444,0.012) AND |ret|≥1.0·σ60 ) AND acc≥0.55"
sh600611,0.012563900090754032,0.008806746453046799,0.4915254237288136,0.4915254237288136,0.507654242009425,0.6028985507246377,0.001570962369441986,3.325219627102306,3.319999933242798,0.01343707528224077,0.1169124357287708,False,"( |ret|≥max(0.0176,0.012) AND |ret|≥1.0·σ60 ) AND acc≥0.55"
sh600426,0.028722476214170456,0.02230425551533699,0.523728813559322,0.523728813559322,0.6081232023672116,0.26595744680851063,-0.0004247203469276428,32.326267612954375,32.34000015258789,0.024765544929972343,-0.01714963981742351,False,"( |ret|≥max(0.0446,0.012) AND |ret|≥1.0·σ60 ) AND acc≥0.55"
sh600439,0.02271985448896885,0.016141535714268684,0.5898305084745763,0.5898305084745763,0.6047669869087917,0.6329113924050633,0.003765648230910301,2.9310164983828413,2.9200000762939453,0.01932886105323075,0.19481987440134982,False,"( |ret|≥max(0.0323,0.012) AND |ret|≥1.0·σ60 ) AND acc≥0.55"
sh600824,0.02281496860086918,0.01393370795994997,0.4982758620689655,0.4982758620689655,0.500670344501127,0.5847076461769115,0.005556218326091766,3.9418410730405444,3.9200000762939453,0.03922203635307722,0.14166059251663307,False,"( |ret|≥max(0.0279,0.012) AND |ret|≥1.0·σ60 ) AND acc≥0.55"
sh600329,0.025260010734200478,0.019223526120185852,0.5008488964346349,0.5008488964346349,0.5639408267232564,0.5565749235474006,-0.006971908733248711,25.988179777961246,26.170000076293945,0.029285707610514425,-0.23806514922979358,False,"( |ret|≥max(0.0384,0.012) AND |ret|≥1.0·σ60 ) AND acc≥0.55"
sz000830,0.02878248132765293,0.021297050639986992,0.5745762711864407,0.5745762711864407,0.5998467797976124,0.6184615384615385,-0.0370916910469532,17.045868323813888,17.690000534057617,0.023302253930518903,-1.5917634079482863,False,"( |ret|≥max(0.0426,0.012) AND |ret|≥1.0·σ60 ) AND acc≥0.55"
sh600467,0.024231258779764175,0.01665140874683857,0.6152542372881356,0.6152542372881356,0.6007824293865976,0.6290018832391714,0.010985225439071655,3.083689594748893,3.049999952316284,0.030188404501147553,0.3638887838463353,False,"( |ret|≥max(0.0333,0.012) AND |ret|≥1.0·σ60 ) AND acc≥0.55"
sz000559,0.022998124361038208,0.01670631766319275,0.5033898305084745,0.5033898305084745,0.48707624266427796,0.581021897810219,0.0026670172810554504,5.384340883397061,5.369999885559082,0.018234913781155337,0.14625875671669367,False,"( |ret|≥max(0.0334,0.012) AND |ret|≥1.0·σ60 ) AND acc≥0.55"
sz000589,0.021419664844870567,0.015188698656857014,0.5322033898305085,0.5322033898305085,0.5508190208769199,0.4879032258064516,-0.001875847578048706,5.439786023070635,5.449999809265137,0.02299613041917513,-0.08157227881964693,False,"( |ret|≥max(0.0304,0.012) AND |ret|≥1.0·σ60 ) AND acc≥0.55"
sh600588,0.030712919309735298,0.026813622564077377,0.5016949152542373,0.5016949152542373,0.583717239786661,0.006802721088435374,-0.0025335699319839478,22.971726421506993,23.030000686645508,0.03131635674416921,-0.08090242245153399,False,"( |ret|≥max(0.0536,0.012) AND |ret|≥1.0·σ60 ) AND acc≥0.55"
sh600249,0.024211399257183075,0.016633393242955208,0.6372881355932203,0.6372881355932203,0.6234038430861436,0.6576271186440678,-0.00042330846190452576,6.007456683319064,6.010000228881836,0.032106102733057106,-0.013184668770837484,False,"( |ret|≥max(0.0333,0.012) AND |ret|≥1.0·σ60 ) AND acc≥0.55"
sz000417,0.020534032955765724,0.013972369953989983,0.5711864406779661,0.5711864406779661,0.6079095040691207,0.6544428772919605,0.003626421093940735,4.426021396767124,4.409999847412109,0.018909524761249102,0.19177738319465587,False,"( |ret|≥max(0.0279,0.012) AND |ret|≥1.0·σ60 ) AND acc≥0.55"
sz000402,0.017448129132390022,0.012967155314981937,0.45254237288135596,0.45254237288135596,0.5483970441675298,0.6231038506417736,-0.0002706926316022873,5.948389406130698,5.949999809265137,0.018493135683660192,-0.014637457371109152,False,"( |ret|≥max(0.0259,0.012) AND |ret|≥1.0·σ60 ) AND acc≥0.55"
sh600060,0.0247062835842371,0.018385350704193115,0.6101694915254238,0.6101694915254238,0.6582929467039792,0.6843575418994413,-5.0888629630208015e-06,11.22994239445299,11.229999542236328,0.024342643715998893,-0.0002090512818524881,False,"( |ret|≥max(0.0368,0.012) AND |ret|≥1.0·σ60 ) AND acc≥0.55"
sh600235,0.026251446455717087,0.018497612327337265,0.4864406779661017,0.4864406779661017,0.4804432719054592,0.5956873315363881,0.0006020013242959976,6.053643395358654,6.050000190734863,0.03177611186054604,0.018945084832502995,False,"( |ret|≥max(0.0370,0.012) AND |ret|≥1.0·σ60 ) AND acc≥0.55"
sz000898,0.02480493113398552,0.017382530495524406,0.5728813559322034,0.5728813559322034,0.5850460691071031,0.6070826306913997,-0.0005886266008019447,3.587887366534818,3.5899999141693115,0.024748486061927075,-0.023784338221161005,False,"( |ret|≥max(0.0348,0.012) AND |ret|≥1.0·σ60 ) AND acc≥0.55"
sz002001,0.0236034095287323,0.01916893571615219,0.5169491525423728,0.5169491525423728,0.6526568316120023,0.12101910828025478,-0.006749856751412153,31.46688489959833,31.68000030517578,0.026102770920232228,-0.2585876490339904,False,"( |ret|≥max(0.0383,0.012) AND |ret|≥1.0·σ60 ) AND acc≥0.55"
sh600436,0.027024071663618088,0.023132534697651863,0.5220338983050847,0.5220338983050847,0.6248726871716865,0.38427947598253276,-0.0023685358464717865,308.22907458329826,308.9599914550781,0.024875500251187233,-0.09521556834633144,False,"( |ret|≥max(0.0463,0.012) AND |ret|≥1.0·σ60 ) AND acc≥0.55"
sh600479,0.019561488181352615,0.012440321035683155,0.6203389830508474,0.6203389830508474,0.6909185281383852,0.6756756756756757,-0.013643763959407806,11.738741418567317,11.899999618530273,0.042965103012185264,-0.31755447624537425,False,"( |ret|≥max(0.0249,0.012) AND |ret|≥1.0·σ60 ) AND acc≥0.55"
sh600138,0.020849071443080902,0.015289212577044964,0.5271186440677966,0.5271186440677966,0.5565573587645076,0.633112582781457,-0.0005029961466789246,12.203859999514178,12.210000038146973,0.028019098112336677,-0.017951897136135386,False,"( |ret|≥max(0.0306,0.012) AND |ret|≥1.0·σ60 ) AND acc≥0.55"
sh600054,0.01834457740187645,0.012685775756835938,0.6084745762711864,0.6084745762711864,0.6550961465332803,0.6341463414634146,-0.005893208086490631,11.233602777284936,11.300000190734863,0.031863564097201674,-0.18495125714752084,False,"( |ret|≥max(0.0254,0.012) AND |ret|≥1.0·σ60 ) AND acc≥0.55"
sz000089,0.01705976203083992,0.012369854375720024,0.5796610169491525,0.5796610169491525,0.6176370468503238,0.6086956521739131,0.0010515954345464706,6.93729121764343,6.929999828338623,0.019428210218729647,0.05412721405806832,False,"( |ret|≥max(0.0247,0.012) AND |ret|≥1.0·σ60 ) AND acc≥0.55"
sz000822,0.03109082393348217,0.02224125526845455,0.5847457627118644,0.5847457627118644,0.6142971436929772,0.5822784810126582,0.004493784159421921,6.810536628000312,6.78000020980835,0.028580002069050713,0.15723520859839799,False,"( |ret|≥max(0.0445,0.012) AND |ret|≥1.0·σ60 ) AND acc≥0.55"
sh600638,0.025713738054037094,0.01718953624367714,0.45254237288135596,0.45254237288135596,0.561699491843788,0.6229508196721312,0.001858241856098175,6.051234177304956,6.039999961853027,0.02286153857183644,0.08128241401754285,False,"( |ret|≥max(0.0344,0.012) AND |ret|≥1.0·σ60 ) AND acc≥0.55"
sh600262,0.02324024960398674,0.01570466160774231,0.5271186440677966,0.5271186440677966,0.5259503686358873,0.6071942446043166,-2.8248876333236694e-05,21.659387985397288,21.65999984741211,0.04077466821057822,-0.000692804396575423,False,"( |ret|≥max(0.0314,0.012) AND |ret|≥1.0·σ60 ) AND acc≥0.55"
sz002023,0.02825835719704628,0.019727114588022232,0.688135593220339,0.688135593220339,0.6913696743286735,0.6950596252129472,0.0005122050642967224,11.175722872398675,11.170000076293945,0.019143614865600934,0.026755907927192023,False,"( |ret|≥max(0.0395,0.012) AND |ret|≥1.0·σ60 ) AND acc≥0.55"
sh600011,0.027056923136115074,0.018874920904636383,0.5542372881355933,0.5542372881355933,0.5738578408113889,0.6092307692307692,-0.02291182428598404,7.115098438133384,7.28000020980835,0.04208316551750833,-0.5444414306722595,False,"( |ret|≥max(0.0377,0.012) AND |ret|≥1.0·σ60 ) AND acc≥0.55"
sh600067,0.02340250462293625,0.015418401919305325,0.5084745762711864,0.5084745762711864,0.5345000028165781,0.5714285714285714,-0.018805641680955887,4.573184428402787,4.659999847412109,0.03737740202105431,-0.503128511689436,False,"( |ret|≥max(0.0308,0.012) AND |ret|≥1.0·σ60 ) AND acc≥0.55"
sh600064,0.015690060332417488,0.010759619995951653,0.5254237288135594,0.5254237288135594,0.556196101173694,0.3844282238442822,-0.0007054246962070465,9.932990131808749,9.9399995803833,0.01798249645276474,-0.039228385545697395,False,"( |ret|≥max(0.0215,0.012) AND |ret|≥1.0·σ60 ) AND acc≥0.55"
sh600831,0.027030477300286293,0.019487235695123672,0.47966101694915253,0.47966101694915253,0.48352526836414583,0.5148514851485149,0.0021222829818725586,6.4737245447828995,6.460000038146973,0.0388480106680837,0.05463040189370983,False,"( |ret|≥max(0.0390,0.012) AND |ret|≥1.0·σ60 ) AND acc≥0.55"
sh600114,0.032951872795820236,0.024337856099009514,0.5389830508474577,0.5389830508474577,0.5473390271734007,0.407158836689038,0.0020681284368038177,8.237017874565042,8.220000267028809,0.03727196793041524,0.05548748823217542,False,"( |ret|≥max(0.0487,0.012) AND |ret|≥1.0·σ60 ) AND acc≥0.55"
sh600320,0.019433923065662384,0.012786662206053734,0.5084745762711864,0.5084745762711864,0.5423129078814419,0.5991316931982634,0.0020069684833288193,3.2364890367618075,3.2300000190734863,0.018081667424802442,0.1109945961416103,False,"( |ret|≥max(0.0256,0.012) AND |ret|≥1.0·σ60 ) AND acc≥0.55"
sh600594,0.02288336493074894,0.01699920929968357,0.48983050847457626,0.48983050847457626,0.49237126524346386,0.23013698630136986,0.003300607204437256,7.334167242697334,7.309999942779541,0.03504033247489855,0.09419449044488289,False,"( |ret|≥max(0.0340,0.012) AND |ret|≥1.0·σ60 ) AND acc≥0.55"
sh600755,0.016011931002140045,0.011358697898685932,0.6383701188455009,0.6383701188455009,0.6601572327405143,0.68125,-0.0006874799728393555,7.434886963959188,7.440000057220459,0.01962709000763629,-0.03502707850736372,False,"( |ret|≥max(0.0227,0.012) AND |ret|≥1.0·σ60 ) AND acc≥0.55"
sh600305,0.026954302564263344,0.022934796288609505,0.4830508474576271,0.4830508474576271,0.5330117206109988,0.006711409395973154,0.007711626589298248,10.772755546823836,10.6899995803833,0.020249587706507605,0.38082863181128607,False,"( |ret|≥max(0.0459,0.012) AND |ret|≥1.0·σ60 ) AND acc≥0.55"
