ticker,rmse_valid,direction_acc_valid,y_next_pred,pred_next_close,last_close,sigma60,z_of_pred,alert,alert_rule
sh600085,0.024105174466967583,0.475,-0.002215113490819931,43.343880595186015,43.439998626708984,0.038939945962954574,-0.056885361989809986,False,(strength: |ret|≥1.0·σ60 or ≥0.012) AND (stable: acc≥0.52)
sz000419,0.020111728459596634,0.4453125,0.002012208104133606,5.090232232035872,5.079999923706055,0.04133544782868869,0.04867995202745866,False,(strength: |ret|≥1.0·σ60 or ≥0.012) AND (stable: acc≥0.52)
sz000919,0.022319581359624863,0.5140625,4.4172629714012146e-05,8.000353388842711,8.0,0.02892191908741433,0.001527305788645831,False,(strength: |ret|≥1.0·σ60 or ≥0.012) AND (stable: acc≥0.52)
sz000951,0.03277037665247917,0.4953125,-0.014522697776556015,12.093094633545318,12.270000457763672,0.023477921015769756,-0.618568040207689,False,(strength: |ret|≥1.0·σ60 or ≥0.012) AND (stable: acc≥0.52)
sh600993,0.02770990878343582,0.5109375,-7.525086402893066e-06,22.679829636856013,22.68000030517578,0.028221550636099962,-0.0002666431704442049,False,(strength: |ret|≥1.0·σ60 or ≥0.012) AND (stable: acc≥0.52)
sh600761,0.024356862530112267,0.515625,0.005992259830236435,10.402146131616638,10.34000015258789,0.023534490116292144,0.25461598082077785,False,(strength: |ret|≥1.0·σ60 or ≥0.012) AND (stable: acc≥0.52)
sh600992,0.028413966298103333,0.4796875,-0.003947123885154724,14.642091449823873,14.699999809265137,0.056572137347406536,-0.06977150541795148,False,(strength: |ret|≥1.0·σ60 or ≥0.012) AND (stable: acc≥0.52)
sh600684,0.026385802775621414,0.4859375,-0.015612132847309113,4.5287417879731695,4.599999904632568,0.040301481313860014,-0.3873835021569033,False,(strength: |ret|≥1.0·σ60 or ≥0.012) AND (stable: acc≥0.52)
sh600033,0.010659871622920036,0.41875,0.0014859288930892944,2.874267671340031,2.869999885559082,0.017351268073795032,0.08563800814958038,False,(strength: |ret|≥1.0·σ60 or ≥0.012) AND (stable: acc≥0.52)
sz000823,0.02640562690794468,0.48125,0.00471179885789752,11.082093504424039,11.029999732971191,0.027325514016493583,0.17243215006795462,False,(strength: |ret|≥1.0·σ60 or ≥0.012) AND (stable: acc≥0.52)
sh600276,0.022580444812774658,0.5078125,0.021158069372177124,36.6676687893695,35.900001525878906,0.018606099330391646,1.1371571023511642,False,(strength: |ret|≥1.0·σ60 or ≥0.012) AND (stable: acc≥0.52)
sh600111,0.035951606929302216,0.5078125,-0.008080227300524712,39.16227753380625,39.47999954223633,0.030833779754001443,-0.26205754676899884,False,(strength: |ret|≥1.0·σ60 or ≥0.012) AND (stable: acc≥0.52)
sz000915,0.026928802952170372,0.465625,0.0027286813128739595,34.09290185677469,34.0,0.03423910067176021,0.07969486529696945,False,(strength: |ret|≥1.0·σ60 or ≥0.012) AND (stable: acc≥0.52)
sz000548,0.017918167635798454,0.475,0.001057945191860199,4.735006747806478,4.730000019073486,0.02361180756322221,0.04480574987619993,False,(strength: |ret|≥1.0·σ60 or ≥0.012) AND (stable: acc≥0.52)
sh600261,0.019533909857273102,0.459375,0.0036729699932038784,3.824019689536698,3.809999942779541,0.016830490530808595,0.21823296261928912,False,(strength: |ret|≥1.0·σ60 or ≥0.012) AND (stable: acc≥0.52)
sz002028,0.03235185891389847,0.5125,0.013253901153802872,36.92618558631976,36.439998626708984,0.027693153380375667,0.4785983086061971,False,(strength: |ret|≥1.0·σ60 or ≥0.012) AND (stable: acc≥0.52)
sh600028,0.013169355690479279,0.434375,-0.00028017163276672363,4.288798193917649,4.289999961853027,0.013571393344433767,-0.020644263946486743,False,(strength: |ret|≥1.0·σ60 or ≥0.012) AND (stable: acc≥0.52)
sz000702,0.024476228281855583,0.49375,0.0027774646878242493,5.585492154708108,5.570000171661377,0.03028096456872007,0.09172309436478114,False,(strength: |ret|≥1.0·σ60 or ≥0.012) AND (stable: acc≥0.52)
sz000573,0.04816831275820732,0.4765625,0.03159802407026291,4.6238194057369055,4.480000019073486,0.04308771231496785,0.7333417125018549,False,(strength: |ret|≥1.0·σ60 or ≥0.012) AND (stable: acc≥0.52)
sh600456,0.03210765868425369,0.484375,0.002564636990427971,49.476725740942555,49.349998474121094,0.032532952013863976,0.07883195478281524,False,(strength: |ret|≥1.0·σ60 or ≥0.012) AND (stable: acc≥0.52)
sh600742,0.02560950256884098,0.4828125,0.00472569465637207,9.846421599579578,9.800000190734863,0.022472508078419055,0.21028772298153262,False,(strength: |ret|≥1.0·σ60 or ≥0.012) AND (stable: acc≥0.52)
sh600125,0.018482109531760216,0.49375,-0.007874362170696259,4.970704589697214,5.010000228881836,0.03017664711434726,-0.2609421627073614,False,(strength: |ret|≥1.0·σ60 or ≥0.012) AND (stable: acc≥0.52)
sh600624,0.019820237532258034,0.4625,0.006528995931148529,6.653297989446072,6.610000133514404,0.015109513229392973,0.43211131364141875,False,(strength: |ret|≥1.0·σ60 or ≥0.012) AND (stable: acc≥0.52)
sh600031,0.03306598961353302,0.48125,-0.00470917159691453,17.159004513828943,17.239999771118164,0.0226702621614346,-0.20772452855354376,False,(strength: |ret|≥1.0·σ60 or ≥0.012) AND (stable: acc≥0.52)
sh600668,0.02843809686601162,0.4734375,-0.011601898819208145,20.856614908822383,21.100000381469727,0.061927313010809,-0.18734701025560416,False,(strength: |ret|≥1.0·σ60 or ≥0.012) AND (stable: acc≥0.52)
sz002038,0.02112671360373497,0.5078125,-0.008561734110116959,10.479888472509439,10.569999694824219,0.022205182953527035,-0.38557350652325795,False,(strength: |ret|≥1.0·σ60 or ≥0.012) AND (stable: acc≥0.52)
sh600527,0.029705412685871124,0.434375,-0.0029265806078910828,2.303249424528787,2.309999942779541,0.01671306379656775,-0.1751072629435822,False,(strength: |ret|≥1.0·σ60 or ≥0.012) AND (stable: acc≥0.52)
sh600583,0.02197876386344433,0.4484375,0.001959770917892456,4.2883962542227145,4.28000020980835,0.02017642728147002,0.09713166356145064,False,(strength: |ret|≥1.0·σ60 or ≥0.012) AND (stable: acc≥0.52)
sh600642,0.01830480806529522,0.4703125,0.0005033891648054123,5.942990941614448,5.940000057220459,0.02273214173294866,0.022144369381266488,False,(strength: |ret|≥1.0·σ60 or ≥0.012) AND (stable: acc≥0.52)
sh600004,0.025883518159389496,0.4734375,0.003790653310716152,12.246333541008706,12.199999809265137,0.034332424972995726,0.11041026695885978,False,(strength: |ret|≥1.0·σ60 or ≥0.012) AND (stable: acc≥0.52)
sh600016,0.009125503711402416,0.415625,0.002910692011937499,3.8812806727964726,3.869999885559082,0.00998295074182865,0.2915660080422521,False,(strength: |ret|≥1.0·σ60 or ≥0.012) AND (stable: acc≥0.52)
sz000581,0.020421532914042473,0.515625,0.006127201020717621,19.861322021209613,19.739999771118164,0.01827871610500069,0.3352094115049594,False,(strength: |ret|≥1.0·σ60 or ≥0.012) AND (stable: acc≥0.52)
sz000550,0.032567065209150314,0.5046875,-0.001050259917974472,14.334937062830678,14.350000381469727,0.027620077141962046,-0.03802522101311027,False,(strength: |ret|≥1.0·σ60 or ≥0.012) AND (stable: acc≥0.52)
sh600059,0.028583863750100136,0.50625,-0.002674311399459839,9.494575024932471,9.520000457763672,0.022854591494191123,-0.11701413389944951,False,(strength: |ret|≥1.0·σ60 or ≥0.012) AND (stable: acc≥0.52)
sh600836,0.026730524376034737,0.45768025078369906,0.0044515086337924,6.579222566709041,6.550000190734863,0.026425807975501897,0.16845301204750518,False,(strength: |ret|≥1.0·σ60 or ≥0.012) AND (stable: acc≥0.52)
sh600969,0.019088270142674446,0.4625,-0.0042634159326553345,7.985880645190572,8.020000457763672,0.023275399734017266,-0.1831725405213514,False,(strength: |ret|≥1.0·σ60 or ≥0.012) AND (stable: acc≥0.52)
sz000983,0.03180326148867607,0.4532488114104596,-0.005194995552301407,12.604350155419905,12.670000076293945,0.039746315862905265,-0.13070379310581332,False,(strength: |ret|≥1.0·σ60 or ≥0.012) AND (stable: acc≥0.52)
sh600192,0.02603832446038723,0.471875,-0.002204813063144684,5.837115956990759,5.849999904632568,0.04382019601747177,-0.05031498624779609,False,(strength: |ret|≥1.0·σ60 or ≥0.012) AND (stable: acc≥0.52)
sh600660,0.026125723496079445,0.50625,0.007558508776128292,35.41668973379284,35.150001525878906,0.023822940284941526,0.3172784514815539,False,(strength: |ret|≥1.0·σ60 or ≥0.012) AND (stable: acc≥0.52)
sz000729,0.0218417439609766,0.5,0.0010039713233709335,7.097121883832555,7.090000152587891,0.02558142410576816,0.0392460922722294,False,(strength: |ret|≥1.0·σ60 or ≥0.012) AND (stable: acc≥0.52)
sh600486,0.025638246908783913,0.5070866141732283,0.0038324776105582714,117.71026072089188,117.26000213623047,0.025816435009435028,0.1484510206249401,False,(strength: |ret|≥1.0·σ60 or ≥0.012) AND (stable: acc≥0.52)
sh600611,0.01255675870925188,0.46875,0.0014252737164497375,3.3247352156214145,3.319999933242798,0.01343707528224077,0.10607015483733379,False,(strength: |ret|≥1.0·σ60 or ≥0.012) AND (stable: acc≥0.52)
sh600426,0.029273102059960365,0.4765625,-0.010072290897369385,32.01589723291752,32.34000015258789,0.024765544929972343,-0.40670564119600905,False,(strength: |ret|≥1.0·σ60 or ≥0.012) AND (stable: acc≥0.52)
sh600439,0.023320021107792854,0.4515625,0.004708865657448769,2.933782388434378,2.9200000762939453,0.01932886105323075,0.24361824570513127,False,(strength: |ret|≥1.0·σ60 or ≥0.012) AND (stable: acc≥0.52)
sh600824,0.02244727872312069,0.4777777777777778,0.0070726871490478516,3.9478232869068384,3.9200000762939453,0.03922203635307722,0.18032427694821063,False,(strength: |ret|≥1.0·σ60 or ≥0.012) AND (stable: acc≥0.52)
sh600329,0.024912385269999504,0.5086071987480438,0.007756689563393593,26.37378195742371,26.170000076293945,0.029285707610514425,0.2648625403875613,False,(strength: |ret|≥1.0·σ60 or ≥0.012) AND (stable: acc≥0.52)
sz000830,0.030017109587788582,0.46875,0.00619338545948267,17.79990150438084,17.690000534057617,0.023302253930518903,0.26578470992988845,False,(strength: |ret|≥1.0·σ60 or ≥0.012) AND (stable: acc≥0.52)
sh600467,0.025386082008481026,0.4734375,-0.002544716000556946,3.042248435523296,3.049999952316284,0.030188404501147553,-0.08429445675128826,False,(strength: |ret|≥1.0·σ60 or ≥0.012) AND (stable: acc≥0.52)
sz000559,0.022257056087255478,0.4828125,0.004845775663852692,5.396084850219977,5.369999885559082,0.018234913781155337,0.265741481675975,False,(strength: |ret|≥1.0·σ60 or ≥0.012) AND (stable: acc≥0.52)
sz000589,0.02161933295428753,0.4625,0.0042162672616541386,5.47302697526739,5.449999809265137,0.02299613041917513,0.1833467349215889,False,(strength: |ret|≥1.0·σ60 or ≥0.012) AND (stable: acc≥0.52)
sh600588,0.030889855697751045,0.49375,0.009103089570999146,23.2406019525004,23.030000686645508,0.03131635674416921,0.2906815354847653,False,(strength: |ret|≥1.0·σ60 or ≥0.012) AND (stable: acc≥0.52)
sh600249,0.025161609053611755,0.4609375,-0.004408892244100571,5.9835611119222065,6.010000228881836,0.032106102733057106,-0.137322518012624,False,(strength: |ret|≥1.0·σ60 or ≥0.012) AND (stable: acc≥0.52)
sz000417,0.020761262625455856,0.4921875,0.0038014426827430725,4.42679611385819,4.409999847412109,0.018909524761249102,0.20103311534312762,False,(strength: |ret|≥1.0·σ60 or ≥0.012) AND (stable: acc≥0.52)
sz000402,0.017668070271611214,0.471875,0.004529506899416447,5.977011503097569,5.949999809265137,0.018493135683660192,0.24492895783644522,False,(strength: |ret|≥1.0·σ60 or ≥0.012) AND (stable: acc≥0.52)
sh600060,0.025747353211045265,0.559375,0.004340425133705139,11.278848450325286,11.229999542236328,0.024342643715998893,0.178305339440147,False,(strength: |ret|≥1.0·σ60 or ≥0.012) AND (stable: acc≥0.52)
sh600235,0.02601025439798832,0.4390625,0.01054638996720314,6.114143497678067,6.050000190734863,0.03177611186054604,0.33189669946154693,False,(strength: |ret|≥1.0·σ60 or ≥0.012) AND (stable: acc≥0.52)
sz000898,0.027308683842420578,0.4484375,0.010965012013912201,3.6295809128484033,3.5899999141693115,0.024748486061927075,0.4430577109200871,False,(strength: |ret|≥1.0·σ60 or ≥0.012) AND (stable: acc≥0.52)
sz002001,0.023981619626283646,0.490625,-0.007294397335499525,31.44975456821932,31.68000030517578,0.026102770920232228,-0.2794490501908801,False,(strength: |ret|≥1.0·σ60 or ≥0.012) AND (stable: acc≥0.52)
sh600436,0.026948291808366776,0.53125,0.005870260298252106,310.7790008323511,308.9599914550781,0.024875500251187233,0.23598552306970008,False,(strength: |ret|≥1.0·σ60 or ≥0.012) AND (stable: acc≥0.52)
sh600479,0.021392161026597023,0.453125,-0.006832893937826157,11.818965347845204,11.899999618530273,0.042965103012185264,-0.15903353811470927,False,(strength: |ret|≥1.0·σ60 or ≥0.012) AND (stable: acc≥0.52)
sh600138,0.021408166736364365,0.4703125,0.00794943980872631,12.307449519727507,12.210000038146973,0.028019098112336677,0.28371494827225463,False,(strength: |ret|≥1.0·σ60 or ≥0.012) AND (stable: acc≥0.52)
sh600054,0.01963655650615692,0.4984375,-0.00356871634721756,11.259745566720692,11.300000190734863,0.031863564097201674,-0.11199987598161412,False,(strength: |ret|≥1.0·σ60 or ≥0.012) AND (stable: acc≥0.52)
sz000089,0.01977737620472908,0.4765625,0.003898635506629944,6.957070106015624,6.929999828338623,0.019428210218729647,0.2006686903245769,False,(strength: |ret|≥1.0·σ60 or ≥0.012) AND (stable: acc≥0.52)
sz000822,0.031527675688266754,0.4921875,0.006394222378730774,6.823491938586671,6.78000020980835,0.028580002069050713,0.22373056957715826,False,(strength: |ret|≥1.0·σ60 or ≥0.012) AND (stable: acc≥0.52)
sh600638,0.02569081261754036,0.465625,-0.0014583058655261993,6.0311982138610984,6.039999961853027,0.02286153857183644,-0.06378858636561098,False,(strength: |ret|≥1.0·σ60 or ≥0.012) AND (stable: acc≥0.52)
sh600262,0.02278158999979496,0.46875,0.004557203501462936,21.75893413517666,21.65999984741211,0.04077466821057822,0.11176552952613261,False,(strength: |ret|≥1.0·σ60 or ≥0.012) AND (stable: acc≥0.52)
sz002023,0.030206874012947083,0.521875,0.000974046066403389,11.180885471507539,11.170000076293945,0.019143614865600934,0.050880962891915335,False,(strength: |ret|≥1.0·σ60 or ≥0.012) AND (stable: acc≥0.52)
sh600011,0.027576863765716553,0.4515625,0.010496934875845909,7.35682038070033,7.28000020980835,0.04208316551750833,0.24943305125533488,False,(strength: |ret|≥1.0·σ60 or ≥0.012) AND (stable: acc≥0.52)
sh600067,0.023533618077635765,0.4453125,-0.015020530670881271,4.5905272406626905,4.659999847412109,0.03737740202105431,-0.401861173866729,False,(strength: |ret|≥1.0·σ60 or ≥0.012) AND (stable: acc≥0.52)
sh600064,0.015854792669415474,0.4828125,-0.0029720179736614227,9.910501578980108,9.9399995803833,0.01798249645276474,-0.16527273222273675,False,(strength: |ret|≥1.0·σ60 or ≥0.012) AND (stable: acc≥0.52)
sh600831,0.02981146238744259,0.4609375,0.013246769085526466,6.546143468330644,6.460000038146973,0.0388480106680837,0.3409895499877962,False,(strength: |ret|≥1.0·σ60 or ≥0.012) AND (stable: acc≥0.52)
sh600114,0.03334292769432068,0.503125,0.010627258569002151,8.30782216175666,8.220000267028809,0.03727196793041524,0.28512730365001465,False,(strength: |ret|≥1.0·σ60 or ≥0.012) AND (stable: acc≥0.52)
sh600320,0.019657114520668983,0.4328125,0.003272116184234619,3.2405862646784116,3.2300000190734863,0.018081667424802442,0.18096308806760883,False,(strength: |ret|≥1.0·σ60 or ≥0.012) AND (stable: acc≥0.52)
sh600594,0.022586191073060036,0.475,0.006065823137760162,7.354475864736433,7.309999942779541,0.03504033247489855,0.17310969897356074,False,(strength: |ret|≥1.0·σ60 or ≥0.012) AND (stable: acc≥0.52)
sh600755,0.017400845885276794,0.46322378716744916,-0.0006229374557733536,7.435366845764166,7.440000057220459,0.01962709000763629,-0.031738639714017254,False,(strength: |ret|≥1.0·σ60 or ≥0.012) AND (stable: acc≥0.52)
sh600305,0.02884843945503235,0.4890625,0.019662316888570786,10.902269762755123,10.6899995803833,0.020249587706507605,0.9709979019608825,False,(strength: |ret|≥1.0·σ60 or ≥0.012) AND (stable: acc≥0.52)
sh600491,0.026126977056264877,0.4578125,-0.002850986085832119,6.162405826861468,6.179999828338623,0.031871113216796226,-0.08945358048534782,False,(strength: |ret|≥1.0·σ60 or ≥0.012) AND (stable: acc≥0.52)
sh600118,0.026252934709191322,0.48125,0.004334874451160431,22.296443862403486,22.200000762939453,0.020588236985944162,0.21055092520115481,False,(strength: |ret|≥1.0·σ60 or ≥0.012) AND (stable: acc≥0.52)
sh600779,0.03308124467730522,0.5070422535211268,-0.011555556207895279,80.21766532826021,81.1500015258789,0.02329719744463546,-0.49600606576373696,False,(strength: |ret|≥1.0·σ60 or ≥0.012) AND (stable: acc≥0.52)
sh600501,0.0259197186678648,0.465625,0.003969360142946243,11.917209824640944,11.869999885559082,0.03368084437431215,0.11785212152972017,False,(strength: |ret|≥1.0·σ60 or ≥0.012) AND (stable: acc≥0.52)
sh600521,0.03316779434680939,0.503125,-0.003054283559322357,21.45437254830965,21.520000457763672,0.04113715837915365,-0.07424632466609252,False,(strength: |ret|≥1.0·σ60 or ≥0.012) AND (stable: acc≥0.52)
sh600535,0.01894500106573105,0.4953125,0.005622498691082001,15.084575019030991,15.0,0.025962491497947007,0.21656228663199503,False,(strength: |ret|≥1.0·σ60 or ≥0.012) AND (stable: acc≥0.52)
sh600549,0.028047017753124237,0.4703125,-0.0017203167080879211,18.528097837079304,18.559999465942383,0.021184383602355517,-0.08120679498216257,False,(strength: |ret|≥1.0·σ60 or ≥0.012) AND (stable: acc≥0.52)
sh600388,0.018322652205824852,0.4703125,0.0021499821450561285,9.921307338346981,9.899999618530273,0.024078385845903483,0.08929092115668952,False,(strength: |ret|≥1.0·σ60 or ≥0.012) AND (stable: acc≥0.52)
sh600557,0.023157624527812004,0.4890625,0.017632663249969482,13.506060978884436,13.270000457763672,0.03943954598775496,0.4470806734093052,False,(strength: |ret|≥1.0·σ60 or ≥0.012) AND (stable: acc≥0.52)
sz000632,0.021713929250836372,0.490625,-0.004586651921272278,4.160871525063636,4.179999828338623,0.024731231477690095,-0.18545983328050347,False,(strength: |ret|≥1.0·σ60 or ≥0.012) AND (stable: acc≥0.52)
sh600283,0.025938212871551514,0.48746081504702193,-2.0775943994522095e-05,12.31974373785943,12.319999694824219,0.03857224399285015,-0.0005386240585881544,False,(strength: |ret|≥1.0·σ60 or ≥0.012) AND (stable: acc≥0.52)
sz002029,0.016870006918907166,0.4640625,0.0026090547908097506,5.3740029266254385,5.360000133514404,0.01746548751207599,0.14938336506050276,False,(strength: |ret|≥1.0·σ60 or ≥0.012) AND (stable: acc≥0.52)
sh600188,0.03399735316634178,0.4890625,-0.004025619477033615,40.17793309129562,40.34000015258789,0.034135658463060665,-0.1179300027884285,False,(strength: |ret|≥1.0·σ60 or ≥0.012) AND (stable: acc≥0.52)
sh600801,0.025886444374918938,0.48589341692789967,0.0049184467643499374,18.199293094413562,18.110000610351562,0.030695514269005117,0.16023335262973015,False,(strength: |ret|≥1.0·σ60 or ≥0.012) AND (stable: acc≥0.52)
sh600327,0.03278378024697304,0.48125,-0.022843532264232635,6.50958645338456,6.659999847412109,0.0285064757072443,-0.8013450868279933,False,(strength: |ret|≥1.0·σ60 or ≥0.012) AND (stable: acc≥0.52)
sh600326,0.022481059655547142,0.490625,0.005931224673986435,5.985395460958905,5.949999809265137,0.01788362268872519,0.3316565922160658,False,(strength: |ret|≥1.0·σ60 or ≥0.012) AND (stable: acc≥0.52)
sz000572,0.03186807036399841,0.47566718995290425,-0.0029921755194664,5.353955918514975,5.369999885559082,0.025063881021331526,-0.11938192345792603,False,(strength: |ret|≥1.0·σ60 or ≥0.012) AND (stable: acc≥0.52)
sh600098,0.021032044664025307,0.5,0.0031947940587997437,6.360287537160402,6.340000152587891,0.02202225423851184,0.14507109823942574,False,(strength: |ret|≥1.0·σ60 or ≥0.012) AND (stable: acc≥0.52)
sz000733,0.04775964468717575,0.484375,-0.041561201214790344,105.2725510058184,109.73999786376953,0.024617168573487554,-1.6883007567549322,False,(strength: |ret|≥1.0·σ60 or ≥0.012) AND (stable: acc≥0.52)
sz000701,0.026746554300189018,0.503125,0.0046012140810489655,5.826748723954945,5.800000190734863,0.038856225074342575,0.11841636412394531,False,(strength: |ret|≥1.0·σ60 or ≥0.012) AND (stable: acc≥0.52)
sh600718,0.023435143753886223,0.4890625,-0.0004430338740348816,11.604857172783198,11.609999656677246,0.03345911214350061,-0.013241048947273121,False,(strength: |ret|≥1.0·σ60 or ≥0.012) AND (stable: acc≥0.52)
sz000909,0.02606663852930069,0.5222222222222223,0.00023057684302330017,7.701775455616034,7.699999809265137,0.030955069435109922,0.0074487563020683096,False,(strength: |ret|≥1.0·σ60 or ≥0.012) AND (stable: acc≥0.52)
sh600774,0.025894612073898315,0.5109375,0.001423802226781845,12.54785268101018,12.529999732971191,0.03160255159549478,0.0450533803242336,False,(strength: |ret|≥1.0·σ60 or ≥0.012) AND (stable: acc≥0.52)
sh600536,0.0333886444568634,0.5,-0.005240555852651596,39.59197068683926,39.79999923706055,0.026276308581504076,-0.19944026163316605,False,(strength: |ret|≥1.0·σ60 or ≥0.012) AND (stable: acc≥0.52)
sh600169,0.023530729115009308,0.4109375,0.006273370236158371,2.5660473290582537,2.549999952316284,0.019312329991501294,0.3248373961373437,False,(strength: |ret|≥1.0·σ60 or ≥0.012) AND (stable: acc≥0.52)
sh600210,0.029849814251065254,0.453125,-0.007068004459142685,5.91802325210793,5.960000038146973,0.026237940612816167,-0.26938096513110493,False,(strength: |ret|≥1.0·σ60 or ≥0.012) AND (stable: acc≥0.52)
sh600405,0.03259926289319992,0.4875,0.013228470459580421,6.150830441318706,6.070000171661377,0.03884054823295793,0.34058394269821485,False,(strength: |ret|≥1.0·σ60 or ≥0.012) AND (stable: acc≥0.52)
sh600459,0.03067677468061447,0.49375,0.004263801500201225,20.929047481663652,20.84000015258789,0.022454456843317292,0.1898865615448884,False,(strength: |ret|≥1.0·σ60 or ≥0.012) AND (stable: acc≥0.52)
sh600586,0.037927187979221344,0.459375,-0.01540498435497284,7.9466341377029845,8.069999694824219,0.024422753531237754,-0.6307633587521415,False,(strength: |ret|≥1.0·σ60 or ≥0.012) AND (stable: acc≥0.52)
sh600037,0.02531585283577442,0.4638364779874214,0.002032853662967682,8.797866341536748,8.779999732971191,0.02892980772105791,0.07026845736010202,False,(strength: |ret|≥1.0·σ60 or ≥0.012) AND (stable: acc≥0.52)
sh600377,0.011514387093484402,0.4796875,0.004295557737350464,8.436159910594668,8.399999618530273,0.013381836867362912,0.32099887107712555,False,(strength: |ret|≥1.0·σ60 or ≥0.012) AND (stable: acc≥0.52)
sh600519,0.02060554549098015,0.4828125,-0.000735357403755188,1659.579216145252,1660.800048828125,0.022867595734889005,-0.0321571664423642,False,(strength: |ret|≥1.0·σ60 or ≥0.012) AND (stable: acc≥0.52)
sz000055,0.020526425912976265,0.496875,0.00048448890447616577,4.532195476395487,4.53000020980835,0.02255025589987665,0.021484842202185113,False,(strength: |ret|≥1.0·σ60 or ≥0.012) AND (stable: acc≥0.52)
sh600343,0.026594871655106544,0.4937106918238994,0.004524286836385727,9.934846914566211,9.890000343322754,0.03169677664862711,0.14273645106488067,False,(strength: |ret|≥1.0·σ60 or ≥0.012) AND (stable: acc≥0.52)
sh600298,0.02670191042125225,0.4890625,-0.0016307886689901352,43.03975460360007,43.11000061035156,0.024430919751497436,-0.06675098678510914,False,(strength: |ret|≥1.0·σ60 or ≥0.012) AND (stable: acc≥0.52)
sh600216,0.028311505913734436,0.503125,0.0008527785539627075,15.533241226230812,15.520000457763672,0.02394065514580351,0.03562050380677032,False,(strength: |ret|≥1.0·σ60 or ≥0.012) AND (stable: acc≥0.52)
sh600368,0.016467219218611717,0.465625,0.0025077909231185913,4.1704453493627875,4.159999847412109,0.019760798161448233,0.1269073057452727,False,(strength: |ret|≥1.0·σ60 or ≥0.012) AND (stable: acc≥0.52)
sh600815,0.02718978188931942,0.41915227629513346,-0.00949098914861679,2.842889602992544,2.869999885559082,0.025547205310095338,-0.37150777622586106,False,(strength: |ret|≥1.0·σ60 or ≥0.012) AND (stable: acc≥0.52)
sh600036,0.019374193623661995,0.509375,-0.00039230845868587494,45.0323292075737,45.04999923706055,0.02364136644084374,-0.01659414627010075,False,(strength: |ret|≥1.0·σ60 or ≥0.012) AND (stable: acc≥0.52)
sz000966,0.035494644194841385,0.49920508744038156,0.002477414906024933,5.784312386450117,5.769999980926514,0.027016025517058496,0.09170164528620939,False,(strength: |ret|≥1.0·σ60 or ≥0.012) AND (stable: acc≥0.52)
sh600266,0.015927495434880257,0.509375,0.0006378591060638428,4.903126602077357,4.900000095367432,0.02045684877733297,0.0311806965579005,False,(strength: |ret|≥1.0·σ60 or ≥0.012) AND (stable: acc≥0.52)
sh600971,0.027659593150019646,0.4921875,-0.00831092894077301,7.586684956427322,7.650000095367432,0.02593267268651582,-0.32048087894487026,False,(strength: |ret|≥1.0·σ60 or ≥0.012) AND (stable: acc≥0.52)
sh600196,0.033511653542518616,0.509375,-0.0031236987560987473,49.98362150178577,50.13999938964844,0.03766384467081676,-0.0829362470570251,False,(strength: |ret|≥1.0·σ60 or ≥0.012) AND (stable: acc≥0.52)
sz000637,0.02313707210123539,0.4875,0.00788085162639618,5.311696153718235,5.269999980926514,0.035692142921867405,0.22080067973618484,False,(strength: |ret|≥1.0·σ60 or ≥0.012) AND (stable: acc≥0.52)
sz000888,0.018671980127692223,0.4828125,0.005909173749387264,7.826109683090848,7.78000020980835,0.031190816159448954,0.1894522998262147,False,(strength: |ret|≥1.0·σ60 or ≥0.012) AND (stable: acc≥0.52)
sh600310,0.026639066636562347,0.45310015898251194,0.006108328700065613,4.39677497354662,4.369999885559082,0.032300573235884304,0.18910892894588882,False,(strength: |ret|≥1.0·σ60 or ≥0.012) AND (stable: acc≥0.52)
sh600183,0.03199724107980728,0.5046875,-0.018882133066654205,16.3483748445008,16.65999984741211,0.016651774598409427,-1.1339405068005635,False,(strength: |ret|≥1.0·σ60 or ≥0.012) AND (stable: acc≥0.52)
sh600531,0.02748008817434311,0.49375,0.0010172929614782333,5.465557283949711,5.460000038146973,0.023924238190144807,0.04252141816089711,False,(strength: |ret|≥1.0·σ60 or ≥0.012) AND (stable: acc≥0.52)
sz000859,0.027781948447227478,0.490625,-0.0035813264548778534,6.7756907262053785,6.800000190734863,0.027109745524817624,-0.13210471232760945,False,(strength: |ret|≥1.0·σ60 or ≥0.012) AND (stable: acc≥0.52)
sz000528,0.020932957530021667,0.5008077544426495,0.001714710146188736,6.4510522636172505,6.440000057220459,0.020324778396956115,0.08436546116492581,False,(strength: |ret|≥1.0·σ60 or ≥0.012) AND (stable: acc≥0.52)
sz000988,0.028256341814994812,0.4953125,-0.006630178540945053,20.970500503638966,21.110000610351562,0.020834208633939248,-0.3182350467487364,False,(strength: |ret|≥1.0·σ60 or ≥0.012) AND (stable: acc≥0.52)
sh600622,0.02541019581258297,0.446875,0.01282612606883049,4.193442021966651,4.139999866485596,0.0309055373200494,0.41501048132254814,False,(strength: |ret|≥1.0·σ60 or ≥0.012) AND (stable: acc≥0.52)
sz000599,0.022297369316220284,0.496875,-0.0019693970680236816,3.862385819152184,3.869999885559082,0.017316372059649938,-0.11373028506992264,False,(strength: |ret|≥1.0·σ60 or ≥0.012) AND (stable: acc≥0.52)
sh600135,0.023778805509209633,0.4647887323943662,0.0011296942830085754,7.278217499110155,7.269999980926514,0.022161318779388036,0.0509759272223464,False,(strength: |ret|≥1.0·σ60 or ≥0.012) AND (stable: acc≥0.52)
sz000753,0.019021878018975258,0.48125,0.0011033080518245697,3.553918857329843,3.549999952316284,0.027951980227799714,0.03947153826375026,False,(strength: |ret|≥1.0·σ60 or ≥0.012) AND (stable: acc≥0.52)
sh600425,0.026373490691184998,0.509375,0.004523418843746185,4.1185879304791175,4.099999904632568,0.022799130790627384,0.19840304006569146,False,(strength: |ret|≥1.0·σ60 or ≥0.012) AND (stable: acc≥0.52)
sz000970,0.026194222271442413,0.5,0.0015449747443199158,11.9885079083687,11.970000267028809,0.03319916478771768,0.04653654056761352,False,(strength: |ret|≥1.0·σ60 or ≥0.012) AND (stable: acc≥0.52)
sh600463,0.026770014315843582,0.48580441640378547,0.001740679144859314,8.665069604669457,8.649999618530273,0.04586226809396403,0.037954484975494626,False,(strength: |ret|≥1.0·σ60 or ≥0.012) AND (stable: acc≥0.52)
sz002007,0.028373267501592636,0.4859375,0.007941041141748428,22.447551484598304,22.270000457763672,0.02279991418194282,0.34829243634229307,False,(strength: |ret|≥1.0·σ60 or ≥0.012) AND (stable: acc≥0.52)
sz000800,0.02351020835340023,0.492845786963434,0.011442583054304123,8.365174102585513,8.270000457763672,0.016460556090338696,0.6951512476244781,False,(strength: |ret|≥1.0·σ60 or ≥0.012) AND (stable: acc≥0.52)
sz002022,0.028244517743587494,0.4984375,0.00819455087184906,14.831037126765185,14.710000038146973,0.03525527903820473,0.23243465293871102,False,(strength: |ret|≥1.0·σ60 or ≥0.012) AND (stable: acc≥0.52)
sz000886,0.02265947312116623,0.459375,0.0014319419860839844,4.025760511071437,4.019999980926514,0.016156703219466488,0.08862829751528316,False,(strength: |ret|≥1.0·σ60 or ≥0.012) AND (stable: acc≥0.52)
sh600596,0.036769092082977295,0.48575949367088606,-0.034199707210063934,27.058597793152135,28.0,0.03024184593549428,-1.1308732930615015,False,(strength: |ret|≥1.0·σ60 or ≥0.012) AND (stable: acc≥0.52)
sz000667,0.0241019818931818,0.4375,-0.004050798714160919,1.991914789407842,2.0,0.028925505758092548,-0.14004240228724768,False,(strength: |ret|≥1.0·σ60 or ≥0.012) AND (stable: acc≥0.52)
sh600976,0.03331786394119263,0.4921875,0.008652111515402794,58.81669483090779,58.310001373291016,0.04952951764955889,0.17468592829352067,False,(strength: |ret|≥1.0·σ60 or ≥0.012) AND (stable: acc≥0.52)
sh600731,0.025477292016148567,0.45625,0.0006307298317551613,7.634814101132308,7.630000114440918,0.027715218723665187,0.022757518548515543,False,(strength: |ret|≥1.0·σ60 or ≥0.012) AND (stable: acc≥0.52)
sh600812,0.038248948752880096,0.5150554675118859,0.01915106363594532,7.910044656399595,7.760000228881836,0.0343271977432012,0.5578975074003318,False,(strength: |ret|≥1.0·σ60 or ≥0.012) AND (stable: acc≥0.52)
sz000933,0.03697501868009567,0.4859375,-0.01573200523853302,14.667426960329541,14.899999618530273,0.04192599838860197,-0.37523260246281714,False,(strength: |ret|≥1.0·σ60 or ≥0.012) AND (stable: acc≥0.52)
sz000049,0.033971864730119705,0.5109375,0.002000272274017334,36.82358357512818,36.75,0.033962337771903967,0.05889676083206766,False,(strength: |ret|≥1.0·σ60 or ≥0.012) AND (stable: acc≥0.52)
sh600500,0.022756626829504967,0.4875,0.002338983118534088,7.026415691339029,7.010000228881836,0.021078215320371033,0.11096679549551924,False,(strength: |ret|≥1.0·σ60 or ≥0.012) AND (stable: acc≥0.52)
sh600360,0.03307880088686943,0.5110410094637224,0.0041585564613342285,7.330420862896963,7.300000190734863,0.021293612441084575,0.19529586724100922,False,(strength: |ret|≥1.0·σ60 or ≥0.012) AND (stable: acc≥0.52)
sh600961,0.03154946491122246,0.4734375,0.0030390918254852295,9.37845911364357,9.350000381469727,0.03045147616864407,0.099801100302769,False,(strength: |ret|≥1.0·σ60 or ≥0.012) AND (stable: acc≥0.52)
sz000543,0.0198066383600235,0.4328125,0.01024319976568222,4.0411833636833165,4.0,0.028724112459031895,0.35660618632620367,False,(strength: |ret|≥1.0·σ60 or ≥0.012) AND (stable: acc≥0.52)
sz000680,0.022312304005026817,0.478125,0.006148993968963623,4.004548411798546,3.9800000190734863,0.021087424708751207,0.29159516337052666,False,(strength: |ret|≥1.0·σ60 or ≥0.012) AND (stable: acc≥0.52)
sh600712,0.03232153132557869,0.459375,0.0026163533329963684,4.170898127537078,4.159999847412109,0.028894982544333918,0.09054694611815758,False,(strength: |ret|≥1.0·σ60 or ≥0.012) AND (stable: acc≥0.52)
sz000060,0.022475415840744972,0.4703125,-0.0029056519269943237,4.6065952580108895,4.619999885559082,0.02135062785830803,-0.1360920430704447,False,(strength: |ret|≥1.0·σ60 or ≥0.012) AND (stable: acc≥0.52)
sh600495,0.020973246544599533,0.4671875,0.004738770425319672,3.8582399757949615,3.8399999141693115,0.02049821412258936,0.23117955960377432,False,(strength: |ret|≥1.0·σ60 or ≥0.012) AND (stable: acc≥0.52)
sz000735,0.02154240757226944,0.521875,0.007369875907897949,6.497711104675338,6.449999809265137,0.016353093644810746,0.4506713873996999,False,(strength: |ret|≥1.0·σ60 or ≥0.012) AND (stable: acc≥0.52)
sh600616,0.03404988721013069,0.4984375,-0.0061977459117770195,5.96292852299276,6.0,0.02183451215846979,-0.28385076929072445,False,(strength: |ret|≥1.0·σ60 or ≥0.012) AND (stable: acc≥0.52)
sz000910,0.026966281235218048,0.5328125,0.0012906398624181747,10.573638376057401,10.5600004196167,0.024360748180305026,0.0529802829971696,False,(strength: |ret|≥1.0·σ60 or ≥0.012) AND (stable: acc≥0.52)
sh600391,0.03298996761441231,0.484375,0.006860747933387756,21.366084935085045,21.219999313354492,0.03158569100189799,0.2172105641402574,False,(strength: |ret|≥1.0·σ60 or ≥0.012) AND (stable: acc≥0.52)
sh600307,0.024821732193231583,0.453125,-0.0035514310002326965,2.1124842058533573,2.119999885559082,0.022577012649090806,-0.15730289398348613,False,(strength: |ret|≥1.0·σ60 or ≥0.012) AND (stable: acc≥0.52)
sh600787,0.022018752992153168,0.453125,0.004796922206878662,5.375725089508188,5.349999904632568,0.021914806642516833,0.218889452060127,False,(strength: |ret|≥1.0·σ60 or ≥0.012) AND (stable: acc≥0.52)
sh600201,0.023480845615267754,0.46875,0.01057562604546547,11.703115537375908,11.579999923706055,0.025143652227655106,0.4206080223999155,False,(strength: |ret|≥1.0·σ60 or ≥0.012) AND (stable: acc≥0.52)
sz000848,0.027820752933621407,0.53125,0.003611261025071144,8.229665682347656,8.199999809265137,0.030539422640628113,0.11824911967313058,False,(strength: |ret|≥1.0·σ60 or ≥0.012) AND (stable: acc≥0.52)
sh600713,0.017664499580860138,0.46875,0.0050487220287323,5.52783818565663,5.5,0.02858334703296256,0.17663152802206097,False,(strength: |ret|≥1.0·σ60 or ≥0.012) AND (stable: acc≥0.52)
sz000957,0.025976357981562614,0.490625,-0.0008592121303081512,4.975722980353064,4.980000019073486,0.019877586970883602,-0.04322515098614344,False,(strength: |ret|≥1.0·σ60 or ≥0.012) AND (stable: acc≥0.52)
sh600027,0.023799316957592964,0.4835680751173709,0.003728644922375679,3.6134480821563506,3.5999999046325684,0.032616067091387715,0.11431923317842012,False,(strength: |ret|≥1.0·σ60 or ≥0.012) AND (stable: acc≥0.52)
sz000078,0.025857428088784218,0.4671875,0.0003923475742340088,3.7314637626622087,3.7300000190734863,0.030675440779483466,0.012790279010224715,False,(strength: |ret|≥1.0·σ60 or ≥0.012) AND (stable: acc≥0.52)
sh600336,0.032186347991228104,0.5203125,0.011057734489440918,5.975713710193627,5.909999847412109,0.025137491329258965,0.43988996140082515,False,(strength: |ret|≥1.0·σ60 or ≥0.012) AND (stable: acc≥0.52)
sz000937,0.029781019315123558,0.459375,-0.009895622730255127,7.119201405333949,7.190000057220459,0.03652457678508927,-0.2709304499043614,False,(strength: |ret|≥1.0·σ60 or ≥0.012) AND (stable: acc≥0.52)
sh600980,0.028548672795295715,0.5126984126984127,0.0016362238675355911,15.956086687645834,15.930000305175781,0.022349012292741707,0.0732123242844045,False,(strength: |ret|≥1.0·σ60 or ≥0.012) AND (stable: acc≥0.52)
sh600352,0.02148512564599514,0.4734375,0.0004921630024909973,10.92537581908104,10.920000076293945,0.01672345890321652,0.029429480530581593,False,(strength: |ret|≥1.0·σ60 or ≥0.012) AND (stable: acc≥0.52)
sh600218,0.030377062037587166,0.4859375,0.00434473529458046,10.465370708718243,10.420000076293945,0.03434762841543733,0.12649298452576424,False,(strength: |ret|≥1.0·σ60 or ≥0.012) AND (stable: acc≥0.52)
sh600108,0.025131450966000557,0.4359375,0.005230505019426346,3.8400328074204038,3.819999933242798,0.02793685326469721,0.18722592332103163,False,(strength: |ret|≥1.0·σ60 or ≥0.012) AND (stable: acc≥0.52)
sz000551,0.030096640810370445,0.46875,0.005645528435707092,8.970500607333873,8.920000076293945,0.024499096132299964,0.23043813946599254,False,(strength: |ret|≥1.0·σ60 or ≥0.012) AND (stable: acc≥0.52)
sz002017,0.03227125108242035,0.5484375,-0.0019290223717689514,13.064773588572868,13.09000015258789,0.04064206202217618,-0.04746368174133416,False,(strength: |ret|≥1.0·σ60 or ≥0.012) AND (stable: acc≥0.52)
sz002024,0.020227394998073578,0.5160256410256411,0.003256034106016159,3.4813168810818627,3.4700000286102295,0.023306329596517045,0.13970594106089265,False,(strength: |ret|≥1.0·σ60 or ≥0.012) AND (stable: acc≥0.52)
sh600190,0.021475736051797867,0.4609375,-0.02122623100876808,3.6712404747444514,3.75,0.04694156760356499,-0.4521840145218308,False,(strength: |ret|≥1.0·σ60 or ≥0.012) AND (stable: acc≥0.52)
sh600513,0.02814427949488163,0.484375,0.0015906020998954773,9.535155039742646,9.520000457763672,0.022130256448962476,0.07187451192979417,False,(strength: |ret|≥1.0·σ60 or ≥0.012) AND (stable: acc≥0.52)
sh600361,0.027934042736887932,0.4746031746031746,0.007816312834620476,5.402059732709236,5.360000133514404,0.0305803089296937,0.25559945442657833,False,(strength: |ret|≥1.0·σ60 or ≥0.012) AND (stable: acc≥0.52)
sh600020,0.01294028665870428,0.4140625,0.0015470169018954039,3.224985278217044,3.2200000286102295,0.013996030338502788,0.11053246950422083,False,(strength: |ret|≥1.0·σ60 or ≥0.012) AND (stable: acc≥0.52)
sz000598,0.01554858684539795,0.4359375,0.006221054121851921,4.9808900111659264,4.949999809265137,0.01832751170175281,0.33943782596950633,False,(strength: |ret|≥1.0·σ60 or ≥0.012) AND (stable: acc≥0.52)
sh600066,0.022872548550367355,0.5171875,0.0005944538861513138,8.565090457878219,8.5600004196167,0.015621080861190946,0.038054569391704623,False,(strength: |ret|≥1.0·σ60 or ≥0.012) AND (stable: acc≥0.52)
sh600693,0.014430009759962559,0.440625,0.0015182793140411377,3.875880089096791,3.869999885559082,0.013636125528496136,0.1113423455544506,False,(strength: |ret|≥1.0·σ60 or ≥0.012) AND (stable: acc≥0.52)
sh600612,0.020801210775971413,0.4875,0.0019993893802165985,43.0860597481535,43.0,0.017332460024516154,0.11535513272998794,False,(strength: |ret|≥1.0·σ60 or ≥0.012) AND (stable: acc≥0.52)
sh600489,0.0220292080193758,0.4726134585289515,0.0001246761530637741,8.061005372108212,8.0600004196167,0.02242657800809624,0.005559300996601207,False,(strength: |ret|≥1.0·σ60 or ≥0.012) AND (stable: acc≥0.52)
sz000789,0.023927772417664528,0.5140625,-0.0016023032367229462,12.16049987823419,12.180000305175781,0.024109728183937945,-0.06645875722492957,False,(strength: |ret|≥1.0·σ60 or ≥0.012) AND (stable: acc≥0.52)
sh600884,0.03486107662320137,0.490625,-0.0060366056859493256,26.5790671684961,26.739999771118164,0.029426499462559222,-0.20514175130523013,False,(strength: |ret|≥1.0·σ60 or ≥0.012) AND (stable: acc≥0.52)
sh600529,0.030350668355822563,0.503125,0.006569981575012207,27.057181665550377,26.8799991607666,0.027148768618540764,0.24199915831666025,False,(strength: |ret|≥1.0·σ60 or ≥0.012) AND (stable: acc≥0.52)
sz000949,0.0319688506424427,0.4875,0.0011004656553268433,4.875362103101558,4.869999885559082,0.025411124562579487,0.04330643531939704,False,(strength: |ret|≥1.0·σ60 or ≥0.012) AND (stable: acc≥0.52)
sh600082,0.020294472575187683,0.459375,-4.620477557182312e-05,4.749780532386299,4.75,0.02921459125862058,-0.0015815644773925885,False,(strength: |ret|≥1.0·σ60 or ≥0.012) AND (stable: acc≥0.52)
sh600509,0.032807718962430954,0.503125,0.003745950758457184,5.299815921768148,5.28000020980835,0.031275843025442486,0.11977133782442011,False,(strength: |ret|≥1.0·σ60 or ≥0.012) AND (stable: acc≥0.52)
sh600351,0.029035445302724838,0.4953125,0.01712803915143013,8.35183242817108,8.210000038146973,0.044071139695110055,0.38864516287694173,False,(strength: |ret|≥1.0·σ60 or ≥0.012) AND (stable: acc≥0.52)
sh600720,0.02557874098420143,0.46875,0.000714106485247612,10.26732957824041,10.260000228881836,0.020375410664533678,0.03504744746156903,False,(strength: |ret|≥1.0·σ60 or ≥0.012) AND (stable: acc≥0.52)
sz002008,0.027775654569268227,0.4640625,0.004844345152378082,38.82763901197157,38.63999938964844,0.026810683238291076,0.1806870530844529,False,(strength: |ret|≥1.0·σ60 or ≥0.012) AND (stable: acc≥0.52)
sz000488,0.026150256395339966,0.4890625,-0.004227079451084137,6.512413209178987,6.539999961853027,0.018046847914821713,-0.23422800085395898,False,(strength: |ret|≥1.0·σ60 or ≥0.012) AND (stable: acc≥0.52)
sz000705,0.022134929895401,0.4875,0.0007961951196193695,10.408283344764184,10.399999618530273,0.045613066520412957,0.01745541367425749,False,(strength: |ret|≥1.0·σ60 or ≥0.012) AND (stable: acc≥0.52)
sh600008,0.016385642811655998,0.42586750788643535,0.002292230725288391,3.1171369091274186,3.109999895095825,0.01946657612694249,0.11775206553119537,False,(strength: |ret|≥1.0·σ60 or ≥0.012) AND (stable: acc≥0.52)
sh600726,0.03097369894385338,0.45768025078369906,0.003316182643175125,2.4681713889331034,2.4600000381469727,0.030933515218570462,0.10720351527165439,False,(strength: |ret|≥1.0·σ60 or ≥0.012) AND (stable: acc≥0.52)
sz000777,0.025784922763705254,0.5307086614173229,0.010330267250537872,12.165021017821656,12.039999961853027,0.034208712366590656,0.3019775816189717,False,(strength: |ret|≥1.0·σ60 or ≥0.012) AND (stable: acc≥0.52)
sz000404,0.01966230943799019,0.4703125,-0.0016086399555206299,4.762332936779489,4.769999980926514,0.025282030031989883,-0.06362777503259961,False,(strength: |ret|≥1.0·σ60 or ≥0.012) AND (stable: acc≥0.52)
sz000860,0.0300016850233078,0.503125,-0.006087981164455414,23.446820954347203,23.59000015258789,0.032962836881750904,-0.18469221382167325,False,(strength: |ret|≥1.0·σ60 or ≥0.012) AND (stable: acc≥0.52)
sh600350,0.0196077823638916,0.50625,0.005795873701572418,5.159819277771436,5.130000114440918,0.014439245610405067,0.4013969873485622,False,(strength: |ret|≥1.0·σ60 or ≥0.012) AND (stable: acc≥0.52)
sh600116,0.02481195516884327,0.5047021943573667,0.0025876574218273163,11.399459649599182,11.369999885559082,0.03242589125346783,0.0798021742433628,False,(strength: |ret|≥1.0·σ60 or ≥0.012) AND (stable: acc≥0.52)
sz000936,0.030393850058317184,0.4953125,0.012227319180965424,5.6081551380563335,5.539999961853027,0.01900740421391528,0.6432920882007103,False,(strength: |ret|≥1.0·σ60 or ≥0.012) AND (stable: acc≥0.52)
sh600805,0.023945443332195282,0.4890625,0.007065132260322571,3.967935245428912,3.940000057220459,0.02314334863617198,0.30527687754361205,False,(strength: |ret|≥1.0·σ60 or ≥0.012) AND (stable: acc≥0.52)
sh600325,0.01867031492292881,0.50625,-0.005025889724493027,7.00470646329171,7.039999961853027,0.021186718484235523,-0.2372187725081131,False,(strength: |ret|≥1.0·σ60 or ≥0.012) AND (stable: acc≥0.52)
sh600166,0.030213892459869385,0.4421875,0.004379489459097385,2.631499309864652,2.619999885559082,0.0201124958470407,0.21774956797547787,False,(strength: |ret|≥1.0·σ60 or ≥0.012) AND (stable: acc≥0.52)
sh600333,0.03010876290500164,0.4875,-0.004303731024265289,4.918785309742903,4.940000057220459,0.0267312984876946,-0.16099963928987815,False,(strength: |ret|≥1.0·σ60 or ≥0.012) AND (stable: acc≥0.52)
sh600658,0.026697959750890732,0.48125,0.0029197148978710175,4.763888911729527,4.75,0.02792233391473153,0.10456553743436298,False,(strength: |ret|≥1.0·σ60 or ≥0.012) AND (stable: acc≥0.52)
sh600285,0.02574077621102333,0.490625,-0.007803410291671753,13.69273219961816,13.800000190734863,0.039227212785886686,-0.1989284414618129,False,(strength: |ret|≥1.0·σ60 or ≥0.012) AND (stable: acc≥0.52)
sh600496,0.026257503777742386,0.4647887323943662,0.0002883598208427429,4.511300919264247,4.510000228881836,0.028617700780901124,0.010076271405859212,False,(strength: |ret|≥1.0·σ60 or ≥0.012) AND (stable: acc≥0.52)
sz000819,0.026583539322018623,0.478125,0.0025802887976169586,12.692708483912854,12.65999984741211,0.04437121488246129,0.05815230038053051,False,(strength: |ret|≥1.0·σ60 or ≥0.012) AND (stable: acc≥0.52)
sz000726,0.014741422608494759,0.46875,0.0030267462134361267,6.379279401843757,6.360000133514404,0.02118793580804979,0.14285227274303278,False,(strength: |ret|≥1.0·σ60 or ≥0.012) AND (stable: acc≥0.52)
sz000525,0.032818492501974106,0.486697965571205,-0.0005154553800821304,8.025861692985881,8.029999732971191,0.03714240998531398,-0.013877808184979336,False,(strength: |ret|≥1.0·σ60 or ≥0.012) AND (stable: acc≥0.52)
sh600422,0.022556649520993233,0.4796875,0.0010174326598644257,11.982185133828672,11.970000267028809,0.03852098690271003,0.02641241768571278,False,(strength: |ret|≥1.0·σ60 or ≥0.012) AND (stable: acc≥0.52)
sh600498,0.023336557671427727,0.5015625,0.006594719365239143,15.40123283182373,15.300000190734863,0.022299801710587205,0.29572982278178567,False,(strength: |ret|≥1.0·σ60 or ≥0.012) AND (stable: acc≥0.52)
sz000026,0.030199570581316948,0.5140625,0.005637023597955704,9.64421186254389,9.59000015258789,0.022640096426217216,0.24898397082745322,False,(strength: |ret|≥1.0·σ60 or ≥0.012) AND (stable: acc≥0.52)
sh600079,0.03016243688762188,0.5063492063492063,0.0074652619659900665,16.774761337458706,16.649999618530273,0.024527663842060458,0.3043607809717574,False,(strength: |ret|≥1.0·σ60 or ≥0.012) AND (stable: acc≥0.52)
sh600015,0.009946784004569054,0.428125,0.0009548533707857132,5.4251778532519435,5.420000076293945,0.010464465641228216,0.09124713014990994,False,(strength: |ret|≥1.0·σ60 or ≥0.012) AND (stable: acc≥0.52)
sh600635,0.017440496012568474,0.4859375,-0.000331781804561615,3.5088356294999814,3.509999990463257,0.014756580836565853,-0.02248363515911017,False,(strength: |ret|≥1.0·σ60 or ≥0.012) AND (stable: acc≥0.52)
sz000039,0.025300322100520134,0.4881889763779528,0.004371661692857742,14.272257335738626,14.210000038146973,0.018892514033194002,0.23139638119166978,False,(strength: |ret|≥1.0·σ60 or ≥0.012) AND (stable: acc≥0.52)
sh600887,0.021524984389543533,0.51875,-0.005458921194076538,35.83384972355712,36.029998779296875,0.018617464550178923,-0.2932149137286762,False,(strength: |ret|≥1.0·σ60 or ≥0.012) AND (stable: acc≥0.52)
sz000797,0.022790173068642616,0.45,-0.01070350781083107,3.0571024491638124,3.0899999141693115,0.030261310608106134,-0.3537026010677111,False,(strength: |ret|≥1.0·σ60 or ≥0.012) AND (stable: acc≥0.52)
